,MedInc,HouseAge,AveRooms,AveBedrms,Population,AveOccup,Latitude,Longitude,class
0,4.5526,10.0,5.518518518518518,1.0052910052910053,1073.0,2.8386243386243386,38.67,-121.8,low
1,5.8541,22.0,6.448105436573312,0.9884678747940692,1871.0,3.0823723228995057,33.66,-117.97,high
2,1.9417,32.0,7.647058823529412,2.2406417112299466,434.0,2.320855614973262,40.28,-124.25,low
3,1.5933,37.0,3.998330550918197,1.0467445742904842,2489.0,4.155258764607679,32.69,-117.11,low
4,3.1563,36.0,4.594059405940594,1.0759075907590758,1181.0,3.897689768976898,34.21,-118.37,average
5,5.7695,3.0,4.8262626262626265,1.0575757575757576,2522.0,2.5474747474747477,37.38,-121.89,high
6,3.1975,24.0,4.218608852755194,1.070460704607046,2478.0,2.238482384823848,34.1,-118.13,high
7,2.3549,18.0,5.646209386281589,1.288808664259928,618.0,2.2310469314079424,38.43,-120.55,low
8,4.2292,33.0,6.39375,1.021875,1018.0,3.18125,33.89,-118.01,average
9,2.4922,21.0,3.430939226519337,0.9392265193370166,834.0,2.303867403314917,36.61,-121.92,high
10,3.9461,16.0,4.522184300341297,1.023890784982935,1969.0,3.3600682593856654,37.25,-121.82,average
11,7.1322,35.0,7.718346253229974,1.0103359173126616,1244.0,3.214470284237726,34.17,-118.56,high
12,4.6389,38.0,6.313609467455621,1.0059171597633136,499.0,2.9526627218934913,33.94,-118.32,average
13,5.368,18.0,7.858356940509915,1.3937677053824362,1283.0,3.634560906515581,36.89,-121.89,high
14,5.0853,26.0,5.916496945010183,1.0264765784114054,1452.0,2.9572301425661913,33.68,-117.89,high
15,5.2898,25.0,6.722007722007722,1.028957528957529,3240.0,3.1274131274131274,33.86,-117.56,average
16,5.3416,31.0,5.444759206798867,0.9320113314447592,1030.0,2.917847025495751,33.85,-118.02,average
17,6.2558,16.0,6.140540540540541,1.0594594594594595,481.0,2.6,32.76,-115.39,low
18,3.25,39.0,4.503205128205129,1.0737179487179487,1109.0,1.7772435897435896,34.06,-118.36,high
19,5.1545,37.0,4.540372670807454,0.9503105590062112,678.0,2.1055900621118013,34.43,-119.7,high
20,5.373,36.0,5.375886524822695,0.9716312056737588,1232.0,2.9125295508274234,33.89,-118.34,high
21,1.7514,34.0,2.6601371204701274,1.091087169441724,2991.0,2.9294809010773752,34.09,-118.29,average
22,2.4318,5.0,4.33609958506224,0.9730290456431535,1911.0,3.9647302904564317,34.97,-120.64,low
23,5.1647,5.0,5.942942942942943,0.9984984984984985,2456.0,3.6876876876876876,34.04,-117.5,low
24,5.2955,23.0,6.8311688311688314,1.0493506493506493,1184.0,3.0753246753246755,34.17,-118.95,high
25,2.6765,26.0,5.415349887133183,1.1693002257336342,1037.0,2.340857787810384,40.26,-120.2,low
26,1.6023,32.0,3.878787878787879,1.0696969696969696,1335.0,4.045454545454546,32.7,-117.14,low
27,3.2446,31.0,4.228956228956229,1.1043771043771045,785.0,2.643097643097643,37.63,-122.49,average
28,4.6806,23.0,5.674418604651163,1.0518783542039356,1467.0,2.62432915921288,34.44,-119.81,high
29,6.5764,17.0,6.55511811023622,0.9724409448818898,755.0,2.97244094488189,33.89,-117.95,high
30,6.9612,24.0,8.307053941908714,1.049792531120332,820.0,3.4024896265560165,33.89,-117.86,high
31,5.2887,21.0,6.4,1.083076923076923,1040.0,3.2,37.25,-121.89,high
32,3.1812,22.0,4.346590909090909,1.125,390.0,2.215909090909091,37.38,-121.95,low
33,3.9063,20.0,5.45719661335842,1.0799623706491064,2586.0,2.4327375352775165,38.61,-121.34,average
34,4.4375,22.0,5.4189723320158105,1.2124505928853755,1947.0,1.923913043478261,32.95,-117.26,high
35,4.027,31.0,4.387628865979382,1.0721649484536082,1049.0,2.162886597938144,33.06,-117.3,high
36,3.1576,24.0,5.234177215189874,1.0042194092827004,1101.0,2.3227848101265822,34.94,-120.44,low
37,4.4583,22.0,6.246875,1.296875,967.0,3.021875,37.85,-121.64,high
38,4.6328,30.0,5.064766839378239,1.005181347150259,999.0,2.588082901554404,37.35,-121.97,high
39,1.879,28.0,2.8479685452162515,1.073394495412844,2548.0,3.3394495412844036,34.09,-118.32,average
40,3.0694,44.0,5.385852090032154,1.0192926045016077,806.0,2.5916398713826365,37.95,-122.34,low
41,4.2448,10.0,4.823889739663094,1.1960183767228179,1582.0,2.4226646248085757,34.26,-119.21,average
42,2.5603,52.0,3.608235294117647,1.0235294117647058,2122.0,2.496470588235294,37.8,-122.42,high
43,6.5322,14.0,8.079681274900398,1.0159362549800797,781.0,3.1115537848605577,38.76,-121.17,high
44,4.875,36.0,5.609561752988048,0.9960159362549801,702.0,2.7968127490039842,33.83,-118.1,average
45,2.1449,27.0,3.375698324022346,1.066340782122905,3847.0,2.6864525139664805,34.18,-118.38,average
46,4.2656,13.0,5.793851717902351,0.9828209764918626,3294.0,2.9783001808318263,39.12,-121.64,low
47,1.6534,44.0,4.487804878048781,1.0278745644599303,723.0,2.519163763066202,36.96,-120.06,low
48,2.5083,21.0,4.604784688995215,1.0688995215311006,1985.0,1.8995215311004785,38.75,-121.27,low
49,5.2402,52.0,6.200892857142857,0.9464285714285714,510.0,2.2767857142857144,37.81,-122.21,high
50,5.4127,25.0,6.04179104477612,0.9313432835820895,907.0,2.707462686567164,34.42,-119.73,high
51,2.1103,8.0,4.814814814814815,1.3812104787714543,2143.0,1.9358626919602528,33.74,-117.0,low
52,5.2321,46.0,5.664233576642336,1.0724312184166198,3728.0,2.093206064008984,37.22,-121.98,high
53,3.9091,38.0,5.9021739130434785,1.1875,830.0,2.255434782608696,34.02,-118.43,high
54,5.4719,38.0,5.890080428954423,0.9571045576407506,1228.0,3.292225201072386,37.52,-122.28,high
55,3.495,35.0,4.956521739130435,0.9525691699604744,729.0,2.8814229249011856,34.08,-117.64,low
56,2.75,28.0,5.342233009708738,1.0412621359223302,1524.0,3.6990291262135924,36.53,-119.4,low
57,1.9107,36.0,1.1304347826086956,0.6086956521739131,58.0,2.5217391304347827,32.68,-117.11,low
58,2.3347,29.0,3.646153846153846,1.0487179487179488,1057.0,2.7102564102564104,33.82,-117.94,average
59,2.0893,41.0,3.369565217391304,0.9420289855072463,349.0,2.528985507246377,34.06,-117.65,low
60,3.4712,40.0,4.798561151079137,0.9928057553956835,1226.0,4.410071942446043,33.93,-118.19,low
61,5.2887,25.0,6.344488188976378,1.031496062992126,1763.0,3.470472440944882,34.42,-118.47,average
62,1.6896,21.0,3.527363184079602,1.0912106135986732,1812.0,3.0049751243781095,32.75,-117.11,low
63,2.1149,43.0,5.364077669902913,1.1699029126213591,982.0,4.766990291262136,37.32,-121.89,average
64,3.5625,17.0,4.776523702031603,1.069977426636569,662.0,1.4943566591422122,33.61,-117.74,average
65,3.343,22.0,4.285714285714286,1.216117216117216,1382.0,2.531135531135531,33.89,-117.87,average
66,2.905,41.0,4.310043668122271,1.0524017467248907,965.0,2.106986899563319,38.46,-122.71,average
67,5.0099,24.0,7.137809187279152,1.0848056537102473,855.0,3.021201413427562,34.89,-120.42,average
68,2.1136,34.0,4.802197802197802,1.0307692307692307,1910.0,4.197802197802198,35.2,-118.82,low
69,4.0139,36.0,5.546052631578948,0.9967105263157895,744.0,2.4473684210526314,38.45,-122.68,average
70,7.0285,45.0,6.440191387559809,1.0239234449760766,415.0,1.985645933014354,34.05,-118.49,high
71,1.7542,31.0,3.1597222222222223,1.1430555555555555,2189.0,3.040277777777778,34.08,-118.31,high
72,2.5,36.0,5.506666666666667,1.1133333333333333,432.0,2.88,37.65,-120.98,low
73,3.141,27.0,4.45,1.445,416.0,2.08,33.87,-117.96,average
74,1.4464,30.0,3.6577946768060836,1.1064638783269962,1280.0,4.866920152091255,34.01,-118.25,low
75,4.6908,37.0,5.979949874686716,1.0250626566416041,1101.0,2.7593984962406015,33.85,-118.12,average
76,3.5395,24.0,5.140350877192983,1.0315789473684212,1448.0,2.5403508771929824,37.66,-120.97,low
77,10.2252,14.0,7.1,1.0461538461538462,420.0,3.230769230769231,33.89,-117.97,high
78,2.6014,36.0,3.8026315789473686,1.0164473684210527,521.0,1.7138157894736843,34.43,-119.72,high
79,3.0907,13.0,5.743537414965987,1.1863945578231292,4885.0,3.32312925170068,33.92,-117.27,low
80,4.5469,52.0,4.181132075471698,0.9924528301886792,940.0,1.7735849056603774,33.76,-118.13,high
81,4.1518,13.0,6.1980676328502415,1.0845410628019323,1181.0,2.8526570048309177,35.73,-117.87,low
82,1.69,31.0,5.290322580645161,1.1548387096774193,576.0,3.7161290322580647,37.91,-121.28,low
83,1.8571,31.0,3.4684684684684686,1.018018018018018,1079.0,2.43018018018018,38.63,-121.4,low
84,4.1875,38.0,4.220588235294118,1.0441176470588236,486.0,2.3823529411764706,33.19,-117.37,average
85,2.5343,39.0,4.216931216931217,1.1375661375661377,1668.0,4.412698412698413,34.09,-118.2,low
86,7.585,31.0,6.450084602368866,1.0067681895093064,1645.0,2.7834179357021998,34.24,-118.24,high
87,1.6921,52.0,3.240740740740741,1.005050505050505,2258.0,3.8013468013468015,34.16,-118.15,average
88,5.0431,16.0,6.296296296296297,1.0030864197530864,1207.0,3.7253086419753085,34.02,-117.62,average
89,1.6981,29.0,5.4801762114537445,1.171806167400881,933.0,4.110132158590308,35.36,-118.98,low
90,3.1563,29.0,3.416141235813367,1.0075662042875158,1238.0,1.5611601513240858,34.02,-118.49,high
91,2.5035,10.0,4.871227364185111,1.1670020120724347,962.0,1.9356136820925554,38.58,-121.31,low
92,5.0318,24.0,6.509933774834437,0.9900662251655629,786.0,2.6026490066225167,34.03,-117.31,low
93,2.1432,33.0,3.808270676691729,1.1729323308270676,706.0,2.654135338345865,33.86,-117.94,average
94,3.3281,32.0,5.067901234567901,0.9629629629629629,1261.0,2.594650205761317,36.79,-119.76,low
95,5.253,5.0,7.093508500772797,1.0517774343122102,4573.0,3.534003091190108,33.96,-117.23,average
96,4.2917,13.0,6.4605263157894735,1.162280701754386,597.0,2.6184210526315788,38.44,-120.69,low
97,2.2109,23.0,5.363128491620111,1.2681564245810055,1161.0,3.2430167597765363,34.11,-117.24,low
98,7.2905,23.0,6.401663695781343,1.0314913844325608,3895.0,2.3143196672608437,37.89,-122.47,high
99,3.7361,16.0,5.022372528616025,1.0405827263267429,4732.0,2.4620187304890737,33.62,-117.7,average
100,3.8505,10.0,5.412126068376068,1.0456730769230769,9716.0,2.59508547008547,34.13,-117.59,average
101,5.2742,23.0,6.254054054054054,0.918918918918919,2002.0,3.6072072072072072,34.23,-119.06,high
102,3.0021,19.0,5.934803451581975,1.299137104506232,2242.0,2.149568552253116,33.72,-116.37,low
103,4.6875,34.0,5.857142857142857,1.0267857142857142,342.0,3.0535714285714284,37.66,-122.1,average
104,1.275,46.0,3.7510917030567685,1.0232896652110626,2446.0,3.5604075691411934,33.99,-118.28,low
105,2.3049,25.0,3.641843971631206,1.0797872340425532,2271.0,4.026595744680851,34.06,-117.7,low
106,3.975,18.0,3.9081632653061225,0.9591836734693877,487.0,4.969387755102041,33.8,-117.99,average
107,3.5076,25.0,5.188720173535792,1.0281995661605206,1298.0,2.8156182212581347,40.93,-124.11,low
108,3.2404,36.0,4.955882352941177,1.0147058823529411,223.0,3.2794117647058822,36.97,-122.03,average
109,5.0278,14.0,6.230088495575221,1.1084070796460177,1448.0,3.2035398230088497,32.99,-116.89,average
110,2.5321,37.0,4.344827586206897,1.030852994555354,2499.0,4.535390199637024,33.89,-118.2,low
111,4.4357,23.0,6.155339805825243,1.033009708737864,1446.0,2.8077669902912623,37.55,-122.04,high
112,6.868,13.0,7.075,0.9789473684210527,2759.0,3.6302631578947366,37.47,-121.91,high
113,2.0326,19.0,3.9211703958691912,1.0647160068846815,7178.0,2.4709122203098106,32.79,-116.95,low
114,3.274,30.0,4.805646036916396,1.0803474484256244,4196.0,4.5559174809989145,33.89,-118.15,low
115,3.6169,28.0,4.111702127659575,1.0265957446808511,1369.0,2.4273049645390072,33.87,-118.35,high
116,5.3247,13.0,7.292307692307692,1.5128205128205128,395.0,2.0256410256410255,37.54,-122.26,high
117,4.4286,52.0,5.433537832310838,1.0224948875255624,1131.0,2.312883435582822,37.9,-122.29,average
118,5.0092,24.0,6.487804878048781,0.8926829268292683,656.0,3.2,37.97,-121.97,high
119,3.625,45.0,4.917808219178082,1.2808219178082192,662.0,2.267123287671233,33.96,-118.39,high
120,2.9392,46.0,3.8774038461538463,0.9519230769230769,966.0,2.3221153846153846,34.13,-118.27,average
121,4.5461,33.0,4.696132596685083,1.0193370165745856,981.0,2.7099447513812156,33.93,-117.97,average
122,6.0162,20.0,5.639830508474576,0.9830508474576272,1275.0,2.7012711864406778,33.82,-118.03,high
123,3.3816,52.0,4.4869888475836435,1.1226765799256506,1008.0,3.7472118959107807,37.75,-122.42,high
124,6.0424,4.0,5.431554524361949,0.9466357308584686,1235.0,2.8654292343387473,38.03,-122.0,average
125,1.9956,25.0,5.029227557411273,1.022964509394572,1384.0,2.8893528183716075,39.52,-121.58,low
126,5.5,16.0,6.691460055096419,1.0661157024793388,1293.0,3.56198347107438,37.27,-121.84,high
127,7.2589,21.0,8.035714285714286,1.1071428571428572,812.0,2.6363636363636362,38.23,-122.18,high
128,2.5588,36.0,3.9771812080536915,1.1248322147651006,1129.0,1.5154362416107383,34.1,-118.36,high
129,9.802,8.0,6.918032786885246,1.1475409836065573,375.0,2.0491803278688523,33.62,-117.87,high
130,3.6853,32.0,4.946902654867257,1.0442477876106195,1021.0,3.0117994100294987,34.12,-117.21,low
131,3.707,29.0,5.08411214953271,1.0934579439252337,1632.0,3.8130841121495327,33.82,-117.96,average
132,4.8264,6.0,5.489285714285714,1.2392857142857143,506.0,1.8071428571428572,33.9,-117.98,low
133,5.0864,16.0,6.6573426573426575,1.0,530.0,3.7062937062937062,32.73,-116.98,average
134,3.0187,16.0,3.883578431372549,1.0833333333333333,4718.0,2.8909313725490198,34.23,-118.46,low
135,6.2152,13.0,5.546052631578948,1.0328947368421053,918.0,6.0394736842105265,32.79,-116.66,average
136,2.3417,40.0,3.2385008517887566,1.1567291311754684,865.0,1.473594548551959,33.98,-118.51,high
137,2.8456,40.0,4.869918699186992,1.0867208672086721,756.0,2.048780487804878,37.98,-122.02,average
138,3.0727,31.0,4.197685631629701,1.0771456123432979,2338.0,2.2545805207328833,34.14,-118.03,high
139,1.5071,28.0,3.481967213114754,1.0131147540983607,1058.0,3.4688524590163934,34.38,-119.86,high
140,3.4904,25.0,5.043478260869565,1.059782608695652,413.0,2.244565217391304,38.51,-122.47,average
141,2.875,34.0,5.218354430379747,1.0221518987341771,919.0,2.9082278481012658,36.76,-119.87,low
142,2.4929,15.0,4.171428571428572,1.0461538461538462,1766.0,3.8813186813186813,33.87,-117.87,average
143,1.9375,43.0,5.239669421487603,1.0964187327823691,1153.0,3.1763085399449036,33.99,-118.29,low
144,3.75,52.0,6.117647058823529,1.1764705882352942,32.0,1.8823529411764706,34.09,-118.25,average
145,3.5035,37.0,3.9386973180076628,1.053639846743295,904.0,3.4636015325670497,37.7,-122.46,average
146,1.7574,42.0,4.722222222222222,1.0972222222222223,1300.0,2.5793650793650795,40.5,-124.1,low
147,2.5473,16.0,4.2255054432348365,0.9657853810264385,3343.0,5.199066874027994,38.02,-121.3,low
148,1.5758,11.0,4.789346246973365,1.1138014527845037,2756.0,2.2243744955609364,34.41,-117.29,low
149,7.8453,21.0,6.527331189710611,1.022508038585209,910.0,2.9260450160771705,33.65,-117.96,high
150,1.9575,24.0,4.528423772609819,1.058139534883721,2098.0,2.710594315245478,36.79,-119.83,low
151,3.6375,24.0,4.9390581717451525,1.059556786703601,1697.0,2.350415512465374,32.78,-117.16,average
152,3.3472,37.0,6.625,1.015625,266.0,4.15625,36.87,-121.77,high
153,4.7118,24.0,5.212809917355372,1.0340909090909092,2449.0,2.5299586776859506,37.24,-121.91,high
154,3.4222,33.0,5.073322932917317,0.982839313572543,2010.0,3.135725429017161,36.7,-121.66,average
155,8.1564,52.0,7.7026315789473685,1.0578947368421052,1021.0,2.6868421052631577,37.81,-122.22,high
156,2.5625,23.0,4.589090909090909,1.069090909090909,5176.0,18.82181818181818,32.56,-116.97,low
157,2.8326,11.0,4.560148056755089,1.107958050586058,3841.0,2.3695249845774216,34.1,-117.68,average
158,2.9915,20.0,4.3942414174972315,1.0310077519379846,2629.0,2.91140642303433,37.97,-122.03,average
159,2.9883,41.0,4.538314176245211,1.0421455938697317,1252.0,2.3984674329501914,34.05,-118.37,high
160,5.4395,25.0,6.638403990024938,1.0024937655860349,1247.0,3.109725685785536,33.81,-117.82,high
161,4.5757,15.0,3.610410094637224,1.0820189274447949,982.0,1.5488958990536277,33.7,-117.9,average
162,3.7132,15.0,5.1907790143084265,1.09697933227345,1629.0,2.5898251192368837,38.43,-122.73,average
163,2.6875,23.0,6.357446808510638,1.1702127659574468,678.0,2.8851063829787233,36.27,-119.25,low
164,6.1632,32.0,6.4681372549019605,1.017156862745098,1013.0,2.482843137254902,37.92,-122.5,high
165,5.6402,17.0,6.262458471760797,0.9700996677740864,771.0,2.5614617940199333,32.81,-117.05,average
166,2.8409,36.0,4.901694915254238,1.0372881355932204,678.0,2.298305084745763,38.29,-122.27,low
167,2.7601,25.0,4.553738317757009,1.0724299065420562,602.0,1.4065420560747663,33.6,-117.71,low
168,5.0839,25.0,6.03921568627451,1.1509803921568627,1558.0,3.0549019607843135,34.73,-118.61,low
169,5.3773,27.0,5.836330935251799,1.0881294964028776,1572.0,2.827338129496403,33.84,-118.37,high
170,4.325,31.0,4.688186813186813,1.0494505494505495,2326.0,3.1950549450549453,33.85,-117.9,average
171,4.9219,35.0,6.930232558139535,1.1686046511627908,535.0,3.11046511627907,37.98,-122.0,average
172,2.1542,31.0,2.348993288590604,1.0033557046979866,1272.0,4.268456375838926,34.04,-118.29,low
173,6.1509,20.0,6.492307692307692,1.0307692307692307,1008.0,3.1015384615384614,33.06,-117.29,high
174,2.8679,44.0,4.951554591467824,1.1453362255965294,3269.0,2.363702096890817,37.75,-122.4,high
175,2.7644,15.0,5.242718446601942,1.0984743411927878,1632.0,2.263522884882108,33.18,-117.29,low
176,6.0774,29.0,7.870967741935484,1.0161290322580645,161.0,2.596774193548387,38.43,-122.68,high
177,4.2719,20.0,3.5479338842975205,1.0512396694214876,2389.0,1.9743801652892563,37.38,-122.06,high
178,3.3611,24.0,4.1030444964871196,0.9531615925058547,910.0,2.1311475409836067,33.74,-117.84,low
179,8.1064,16.0,7.3375,0.9696428571428571,1409.0,2.5160714285714287,34.14,-118.85,high
180,3.275,39.0,5.176056338028169,1.0985915492957747,1047.0,3.686619718309859,34.21,-118.35,average
181,1.7448,23.0,5.384615384615385,1.1775147928994083,370.0,2.1893491124260356,41.41,-122.39,low
182,4.4219,9.0,5.784543325526932,0.9765807962529274,904.0,2.117096018735363,33.01,-117.06,average
183,4.3194,44.0,5.764069264069264,1.106060606060606,1277.0,2.764069264069264,33.86,-118.12,average
184,5.5608,34.0,6.08955223880597,0.9813432835820896,690.0,2.574626865671642,33.94,-117.97,high
185,4.875,35.0,5.927536231884058,1.1400966183574879,548.0,2.6473429951690823,38.53,-122.52,high
186,5.6091,21.0,5.6997885835095135,1.1585623678646935,1142.0,2.4143763213530653,33.89,-118.37,high
187,2.625,40.0,3.173469387755102,0.9897959183673469,902.0,4.6020408163265305,36.43,-121.33,low
188,3.5547,36.0,5.609195402298851,0.9348659003831418,672.0,2.574712643678161,37.7,-122.15,average
189,4.6406,45.0,5.508241758241758,1.010989010989011,909.0,2.4972527472527473,33.99,-118.36,high
190,3.6167,29.0,3.186147186147186,1.0043290043290043,584.0,2.5281385281385282,33.92,-118.35,average
191,3.2708,46.0,4.611607142857143,0.9955357142857143,462.0,2.0625,33.53,-117.77,high
192,4.0221,16.0,5.594795539033457,1.0780669144981412,1649.0,3.0650557620817844,33.61,-117.69,average
193,2.2333,23.0,6.054313099041534,1.0862619808306708,749.0,2.3929712460063897,36.28,-119.29,low
194,2.775,24.0,3.1007423117709436,1.0742311770943795,1492.0,1.5821845174973488,34.02,-118.5,high
195,9.8413,32.0,7.17004048582996,1.0148448043184886,4353.0,2.937246963562753,34.22,-118.19,high
196,2.3929,52.0,4.4714285714285715,1.0678571428571428,844.0,3.0142857142857142,37.8,-122.23,low
197,3.2833,33.0,6.329004329004329,1.0432900432900434,569.0,2.463203463203463,39.5,-121.52,low
198,4.2472,36.0,5.632768361581921,1.0338983050847457,1793.0,2.5324858757062145,37.7,-122.54,high
199,3.6287,4.0,3.9006226053639845,1.09794061302682,7604.0,1.8208812260536398,32.86,-117.22,high
200,3.5506,18.0,4.944333996023857,1.025844930417495,980.0,1.94831013916501,38.51,-122.47,average
201,4.3687,33.0,5.703862660944206,1.1416309012875536,683.0,2.9313304721030042,37.75,-121.42,low
202,3.9612,39.0,5.3042071197411005,0.970873786407767,988.0,3.197411003236246,33.97,-118.06,average
203,4.4674,18.0,4.613899613899614,1.1505791505791505,1886.0,1.8204633204633205,34.05,-118.44,high
204,1.8173,31.0,3.0076335877862594,0.8931297709923665,573.0,4.374045801526718,34.08,-118.22,low
205,3.575,52.0,4.695652173913044,1.0347826086956522,1181.0,2.053913043478261,37.75,-122.43,high
206,2.2708,26.0,3.947058823529412,1.080392156862745,664.0,1.3019607843137255,33.77,-118.08,low
207,3.1062,19.0,6.330232558139535,1.113953488372093,1108.0,2.5767441860465117,41.63,-122.64,low
208,3.5154,19.0,3.305290546400694,1.0641803989592369,1930.0,1.673894189071986,37.35,-122.03,high
209,2.3359,24.0,4.994082840236686,1.0946745562130178,1564.0,3.084812623274162,37.1,-119.49,low
210,2.6161,30.0,6.833333333333333,1.597938144329897,1387.0,2.3831615120274914,38.49,-123.04,low
211,1.4886,52.0,4.862745098039215,1.3333333333333333,124.0,2.4313725490196076,37.76,-122.38,high
212,4.87,35.0,5.72488038277512,0.9976076555023924,1336.0,3.1961722488038276,34.08,-117.94,average
213,5.8053,24.0,6.4576271186440675,0.9813559322033898,1818.0,3.08135593220339,33.77,-118.03,high
214,2.734,26.0,4.2207920792079205,1.0267326732673268,2199.0,2.1772277227722774,32.77,-117.04,low
215,7.6473,17.0,7.891764705882353,0.9929411764705882,1457.0,3.428235294117647,37.8,-121.98,high
216,1.3824,46.0,2.664188351920694,1.0123915737298637,2075.0,2.5712515489467163,37.76,-122.42,average
217,2.8839,11.0,4.591397849462366,1.0591397849462365,1474.0,3.9623655913978495,36.85,-121.41,low
218,3.049,33.0,3.171232876712329,1.0639269406392695,2923.0,2.2245053272450535,37.7,-122.48,high
219,2.0179,11.0,4.140608604407135,1.0262329485834207,2814.0,2.9527806925498425,37.36,-120.59,low
220,3.5227,19.0,5.40122199592668,1.0590631364562118,1421.0,2.894093686354379,32.61,-116.79,average
221,2.3952,52.0,5.477832512315271,1.0295566502463054,832.0,2.0492610837438425,36.76,-119.8,low
222,2.7264,32.0,4.547846889952153,0.9569377990430622,946.0,2.263157894736842,33.63,-117.91,high
223,2.975,34.0,6.405405405405405,1.0675675675675675,716.0,3.225225225225225,36.64,-119.89,low
224,3.2917,52.0,5.564245810055866,0.9636871508379888,948.0,2.64804469273743,33.96,-117.39,low
225,3.3036,26.0,5.45303867403315,1.0055248618784531,1002.0,2.7679558011049723,38.36,-121.82,average
226,5.1701,37.0,5.598870056497175,1.0169491525423728,463.0,2.615819209039548,37.54,-122.28,high
227,3.9688,15.0,16.55056179775281,3.0786516853932584,622.0,2.3295880149812733,34.24,-116.87,average
228,1.3177,30.0,4.268135904499541,1.1496786042240588,2524.0,2.317722681359045,38.58,-121.54,low
229,6.2073,5.0,7.184633027522936,1.0412844036697249,3326.0,3.8142201834862384,38.0,-122.26,high
230,5.2289,41.0,5.569105691056911,1.146341463414634,266.0,2.16260162601626,37.87,-122.25,high
231,4.7891,20.0,5.493827160493828,1.1934156378600822,717.0,2.950617283950617,36.43,-121.62,average
232,5.7083,35.0,6.120689655172414,1.0295566502463054,1226.0,3.019704433497537,34.24,-118.26,high
233,2.5904,23.0,4.6596306068601585,0.9973614775725593,1885.0,2.4868073878627968,36.83,-119.7,low
234,3.7875,28.0,5.599415204678363,1.2251461988304093,930.0,2.719298245614035,38.31,-122.67,high
235,3.375,36.0,5.162162162162162,1.135135135135135,208.0,5.621621621621622,33.71,-117.86,average
236,4.775,35.0,5.073558648111332,1.0834990059642147,1850.0,3.6779324055666005,34.24,-118.4,average
237,3.1513,10.0,6.096470588235294,1.143529411764706,1255.0,2.9529411764705884,33.71,-117.34,low
238,8.051,19.0,7.352459016393443,0.9480874316939891,1154.0,3.1530054644808745,32.84,-117.22,high
239,2.0368,40.0,4.568965517241379,1.0862068965517242,1304.0,2.810344827586207,38.59,-121.54,low
240,5.898,18.0,6.129824561403509,1.1122807017543859,1055.0,3.7017543859649122,37.23,-121.78,average
241,2.8807,17.0,5.724288840262582,1.0765864332603938,1158.0,2.533916849015317,38.73,-120.84,low
242,4.8382,52.0,5.2639593908629445,0.9289340101522843,909.0,2.3071065989847717,37.74,-122.44,high
243,1.5833,42.0,4.641821946169772,1.0786749482401656,1359.0,2.813664596273292,36.57,-119.61,low
244,4.875,22.0,5.158986175115207,1.0944700460829493,1016.0,2.3410138248847927,34.44,-119.82,high
245,5.9541,19.0,5.784386617100372,1.0269516728624535,3152.0,2.929368029739777,33.8,-118.35,high
246,6.4797,25.0,7.529644268774703,0.9881422924901185,865.0,3.41897233201581,32.8,-117.05,high
247,4.9867,7.0,4.826747720364741,1.0562310030395137,3223.0,2.4490881458966567,37.51,-122.0,average
248,2.6402,43.0,3.707317073170732,1.0365853658536586,705.0,2.8658536585365852,34.03,-118.38,average
249,1.1479,29.0,4.023529411764706,1.1035294117647059,990.0,2.3294117647058825,40.87,-124.08,low
250,6.6854,18.0,6.648221343873518,0.9901185770750988,1442.0,2.849802371541502,38.51,-122.69,high
251,6.1724,35.0,7.006359300476947,1.0389507154213036,3450.0,2.742448330683625,38.01,-122.59,high
252,2.1731,45.0,3.8076923076923075,1.0038461538461538,901.0,3.4653846153846155,37.75,-122.18,low
253,3.3629,8.0,4.115044247787611,1.0584070796460177,1511.0,2.674336283185841,33.75,-117.92,low
254,2.7437,18.0,5.535776614310646,1.1029668411867364,1621.0,2.8289703315881325,34.09,-117.43,low
255,6.4667,16.0,6.998463901689708,0.9815668202764977,2066.0,3.17357910906298,34.09,-117.85,high
256,2.4554,20.0,5.5964912280701755,1.0802005012531328,1024.0,2.5664160401002505,33.74,-116.95,low
257,3.6587,32.0,5.524038461538462,0.8990384615384616,499.0,2.3990384615384617,39.16,-123.22,low
258,2.7562,29.0,4.529639175257732,1.0399484536082475,3572.0,4.603092783505154,37.35,-121.85,average
259,2.1473,41.0,3.4161849710982657,1.0,1644.0,4.7514450867052025,33.97,-118.24,low
260,6.8588,3.0,8.640701071080818,1.2677702044790653,3191.0,3.107108081791626,33.64,-117.49,high
261,1.775,40.0,2.6875,1.0653409090909092,700.0,1.9886363636363635,37.82,-122.27,low
262,4.6726,6.0,5.7303030303030305,1.0333333333333334,969.0,2.9363636363636365,36.81,-119.87,low
263,3.0613,34.0,4.521444695259594,1.0519187358916477,1226.0,2.7674943566591423,32.58,-117.12,low
264,2.2417,15.0,10.51530612244898,2.372448979591837,573.0,2.923469387755102,38.72,-119.93,low
265,5.2806,47.0,4.485333333333333,1.0106666666666666,837.0,2.232,37.78,-122.46,high
266,13.6623,15.0,8.329411764705883,1.0658823529411765,1364.0,3.2094117647058824,33.02,-117.18,high
267,4.0,47.0,5.414893617021277,1.00354609929078,1102.0,3.9078014184397163,37.71,-122.46,average
268,2.6364,22.0,3.5874125874125875,0.993006993006993,1254.0,2.1923076923076925,34.18,-118.43,high
269,2.6184,30.0,5.133843212237093,1.0439770554493308,951.0,1.818355640535373,36.19,-118.93,low
270,1.2276,21.0,3.780185758513932,1.1130030959752322,1916.0,2.9659442724458205,33.75,-118.28,average
271,3.7125,26.0,4.915254237288136,1.1305084745762712,1090.0,1.847457627118644,34.15,-118.43,high
272,10.4835,30.0,7.618556701030927,0.9759450171821306,851.0,2.924398625429553,33.95,-117.99,high
273,3.0,37.0,4.890625,1.04296875,686.0,2.6796875,38.68,-121.17,low
274,5.8343,15.0,6.598726114649682,0.9490445859872612,395.0,2.515923566878981,32.95,-117.26,high
275,2.0714,19.0,4.414201183431953,1.1301775147928994,1190.0,2.3471400394477318,33.75,-116.95,low
276,4.9803,29.0,5.33378196500673,1.0390309555854644,2104.0,2.831763122476447,33.83,-118.01,average
277,3.8125,9.0,7.130909090909091,2.1636363636363636,966.0,3.5127272727272727,33.76,-116.24,low
278,3.4875,15.0,5.74247491638796,1.0501672240802675,2896.0,3.2285395763656632,34.51,-117.17,low
279,8.1078,26.0,6.599526066350711,0.990521327014218,1221.0,2.8933649289099526,37.35,-122.02,high
280,7.5443,9.0,6.723404255319149,0.9957446808510638,1675.0,3.5638297872340425,37.33,-121.77,high
281,3.9545,26.0,5.877729257641922,1.027656477438137,2065.0,3.005822416302766,32.75,-117.01,average
282,3.821,39.0,4.5353625783348255,1.1566696508504923,1915.0,1.7144136078782453,33.55,-117.79,high
283,2.5223,35.0,5.011204481792717,1.0,933.0,2.6134453781512605,36.78,-119.83,low
284,7.8904,33.0,7.082802547770701,1.0047770700636942,1675.0,2.667197452229299,37.95,-122.52,high
285,5.197,36.0,5.890173410404624,0.9913294797687862,1066.0,3.0809248554913293,33.86,-117.95,average
286,5.0714,33.0,5.799319727891157,0.9914965986394558,1739.0,2.957482993197279,37.27,-121.9,high
287,3.0645,20.0,5.21578947368421,1.087719298245614,1996.0,3.501754385964912,37.65,-121.02,low
288,2.0875,25.0,3.933641975308642,1.0416666666666667,2053.0,3.16820987654321,38.13,-121.26,low
289,1.4828,21.0,3.697132616487455,1.0913978494623655,1686.0,3.021505376344086,32.75,-117.1,low
290,2.2543,29.0,3.136729222520107,0.9892761394101877,1398.0,3.74798927613941,33.78,-118.19,low
291,1.9766,28.0,2.6164154103852595,1.085427135678392,1974.0,3.306532663316583,34.09,-118.29,low
292,5.7407,25.0,7.405882352941177,1.0823529411764705,599.0,3.523529411764706,33.98,-117.96,high
293,2.875,43.0,4.779467680608365,1.182509505703422,671.0,2.5513307984790874,34.43,-119.69,high
294,2.6058,26.0,5.789156626506024,1.0210843373493976,1148.0,3.4578313253012047,36.62,-119.34,low
295,3.5072,29.0,5.154135338345864,0.9172932330827067,2477.0,4.656015037593985,34.1,-117.74,low
296,1.9485,48.0,4.705639614855571,1.0096286107290233,1441.0,1.9821182943603852,38.54,-121.45,low
297,4.7295,14.0,5.60377358490566,0.969811320754717,6295.0,3.393530997304582,33.89,-117.48,low
298,6.629,25.0,6.154545454545454,0.8727272727272727,596.0,2.709090909090909,37.54,-121.93,high
299,2.2813,41.0,3.842931937172775,0.9947643979057592,565.0,2.9581151832460733,34.02,-118.13,average
300,4.1375,28.0,6.105162523900574,1.0038240917782026,1750.0,3.3460803059273423,34.09,-117.42,low
301,3.8275,32.0,5.152400835073069,1.1524008350730688,1190.0,2.4843423799582465,33.97,-118.03,average
302,3.3472,26.0,4.338397790055248,0.925414364640884,1572.0,2.1712707182320443,33.78,-117.88,average
303,4.1635,52.0,5.9442970822281165,1.1750663129973475,1042.0,2.763925729442971,37.77,-122.47,high
304,1.725,52.0,5.096234309623431,1.1317991631799162,1015.0,2.1234309623430963,37.84,-122.27,low
305,5.5673,7.0,5.865384615384615,1.1394230769230769,2710.0,2.605769230769231,32.81,-117.09,high
306,3.4514,38.0,3.8215767634854774,0.991701244813278,1023.0,4.244813278008299,34.25,-118.43,low
307,8.1325,24.0,7.292020373514431,1.0449915110356536,3401.0,2.8870967741935485,34.17,-118.21,high
308,6.0097,12.0,7.047058823529412,1.0235294117647058,443.0,2.6058823529411765,38.76,-121.29,average
309,1.9719,42.0,3.6945812807881775,1.0328407224958949,2588.0,4.249589490968801,34.03,-118.19,low
310,3.2917,30.0,5.608,1.048,356.0,2.848,33.87,-117.58,low
311,5.7128,24.0,5.307038834951456,1.0570388349514563,1830.0,2.220873786407767,33.85,-118.39,high
312,4.2296,35.0,4.598790322580645,1.0201612903225807,1005.0,2.026209677419355,32.8,-117.25,high
313,3.2452,17.0,5.841573033707865,1.149438202247191,2036.0,2.2876404494382023,38.58,-122.83,average
314,2.7051,26.0,5.602179836512262,1.125340599455041,933.0,2.542234332425068,38.37,-121.92,average
315,2.4688,16.0,4.789968652037618,1.1003134796238245,729.0,2.2852664576802506,39.19,-121.18,low
316,3.4133,16.0,4.052173913043478,1.1471571906354514,3285.0,2.197324414715719,33.71,-117.95,high
317,2.3382,38.0,4.8352941176470585,1.04,1518.0,3.571764705882353,33.9,-118.24,low
318,6.0116,34.0,5.740259740259741,0.9935064935064936,534.0,3.4675324675324677,37.36,-121.97,high
319,4.2227,28.0,4.899532710280374,0.947429906542056,2556.0,2.985981308411215,34.21,-119.19,average
320,2.7788,45.0,4.210416666666666,1.1,1410.0,2.9375,37.79,-122.2,low
321,2.2684,31.0,2.755134281200632,1.1374407582938388,2034.0,3.213270142180095,34.05,-118.3,average
322,2.8062,27.0,5.06544502617801,1.2041884816753927,1456.0,3.81151832460733,34.09,-118.15,average
323,2.3375,40.0,4.129251700680272,1.0136054421768708,777.0,1.7619047619047619,34.07,-118.36,high
324,6.9473,19.0,7.499490316004078,0.981651376146789,3018.0,3.076452599388379,37.23,-121.87,high
325,6.3231,45.0,4.434322033898305,1.0529661016949152,842.0,1.7838983050847457,33.87,-118.4,high
326,2.0542,46.0,4.422535211267606,1.0663983903420524,2067.0,4.158953722334004,33.99,-118.29,low
327,3.0329,30.0,3.5019059720457433,1.0902160101651843,1806.0,2.2947903430749683,33.89,-118.3,average
328,3.4741,17.0,5.481149012567325,1.0682226211849193,1434.0,2.5745062836624775,38.41,-122.07,high
329,3.125,40.0,5.873267326732673,1.0613861386138614,1225.0,2.4257425742574257,38.53,-121.49,low
330,4.0062,12.0,5.693965517241379,1.1551724137931034,661.0,2.8491379310344827,39.22,-120.94,low
331,3.2632,52.0,4.745652173913044,1.0108695652173914,1129.0,2.4543478260869565,37.8,-122.22,average
332,4.5943,10.0,4.469437652811736,1.1075794621026895,1356.0,3.315403422982885,37.29,-121.83,low
333,5.1261,20.0,6.137404580152672,0.9847328244274809,1655.0,3.1583969465648853,34.13,-117.62,average
334,3.2672,32.0,5.204379562043796,1.0705596107055961,1154.0,2.807785888077859,38.45,-121.83,low
335,2.7031,10.0,4.507204610951009,1.144092219020173,643.0,1.8530259365994237,37.98,-121.33,low
336,3.3917,25.0,4.7701149425287355,1.3103448275862069,368.0,2.1149425287356323,37.38,-122.08,high
337,3.5789,28.0,5.278438030560272,1.0084889643463497,1559.0,2.646859083191851,32.73,-117.09,low
338,5.5291,52.0,5.937984496124031,1.049095607235142,1203.0,3.108527131782946,34.14,-118.22,high
339,1.6033,44.0,4.951289398280802,1.0515759312320916,1042.0,2.98567335243553,38.64,-121.42,low
340,1.7396,34.0,3.9581589958158996,1.0627615062761506,1101.0,4.606694560669456,33.96,-118.24,low
341,6.871,52.0,5.859813084112149,1.0404984423676011,640.0,1.9937694704049844,34.06,-118.42,high
342,15.0001,52.0,8.0,1.0,13.0,13.0,37.79,-122.5,high
343,5.0699,25.0,5.293361884368308,0.9635974304068522,1301.0,2.7858672376873663,33.73,-118.05,high
344,3.527,17.0,3.592995169082126,1.1690821256038648,1453.0,1.7548309178743962,37.72,-122.54,high
345,2.1549,22.0,5.0224586288416075,1.0898345153664302,2405.0,2.842789598108747,33.81,-117.26,low
346,3.1053,37.0,5.4476744186046515,1.0445736434108528,1574.0,3.050387596899225,38.08,-122.22,low
347,3.2813,36.0,3.943127962085308,1.0,545.0,2.5829383886255926,37.35,-121.95,high
348,10.1597,16.0,7.606936416184971,1.1213872832369942,450.0,2.601156069364162,34.14,-118.83,high
349,3.3036,24.0,3.75,0.9915254237288136,1519.0,2.1454802259887007,33.88,-117.87,average
350,7.1463,31.0,6.534632034632034,1.0151515151515151,1349.0,2.91991341991342,34.24,-118.24,high
351,4.1862,14.0,4.074695121951219,1.0472560975609757,1192.0,1.8170731707317074,33.72,-118.05,average
352,4.7952,22.0,6.365973072215422,1.0587515299877601,3280.0,4.01468788249694,32.73,-117.02,low
353,3.6995,13.0,4.94212962962963,0.9930555555555556,779.0,1.8032407407407407,38.69,-121.3,low
354,1.9375,42.0,2.7925696594427243,0.9845201238390093,1312.0,4.061919504643963,34.07,-118.21,average
355,0.8351,29.0,3.237715803452855,1.151394422310757,2114.0,2.807436918990704,34.03,-118.31,low
356,4.5491,34.0,7.397058823529412,1.4558823529411764,275.0,4.044117647058823,34.36,-118.29,high
357,4.5417,45.0,6.395017793594306,1.0782918149466192,870.0,3.096085409252669,37.19,-121.8,high
358,3.0299,14.0,5.814102564102564,1.3397435897435896,1356.0,2.8974358974358974,40.95,-122.07,low
359,4.2898,40.0,5.224867724867725,1.029100529100529,1116.0,2.9523809523809526,34.09,-118.06,high
360,2.5139,43.0,4.561290322580645,0.9483870967741935,417.0,2.6903225806451614,37.74,-122.19,low
361,6.3794,35.0,6.8277153558052435,1.0337078651685394,1409.0,2.6385767790262173,34.2,-118.21,high
362,2.7587,52.0,4.1756885090218425,1.0598290598290598,1939.0,1.8414055080721747,37.77,-122.43,high
363,4.375,36.0,4.803418803418803,0.9273504273504274,707.0,3.0213675213675213,33.93,-118.1,average
364,2.9414,20.0,4.6776470588235295,0.9976470588235294,1277.0,3.0047058823529413,33.77,-117.97,average
365,2.5417,49.0,4.956521739130435,1.0507246376811594,924.0,2.2318840579710146,37.86,-122.27,average
366,3.5481,35.0,4.547511312217194,1.0135746606334841,742.0,3.3574660633484164,34.13,-118.0,average
367,1.6318,19.0,4.403536977491961,1.1366559485530547,2004.0,3.2218649517684885,32.75,-117.09,low
368,2.3125,7.0,5.348684210526316,1.069078947368421,677.0,2.226973684210526,36.85,-121.42,average
369,7.5,15.0,8.579281183932347,1.080338266384778,1580.0,3.3403805496828753,32.78,-116.91,high
370,3.7543,42.0,4.184873949579832,1.0084033613445378,548.0,4.605042016806722,34.02,-118.2,low
371,5.5145,15.0,5.168384879725086,1.0103092783505154,1267.0,4.353951890034364,37.31,-121.82,average
372,10.5142,23.0,7.683431952662722,0.9911242603550295,922.0,2.727810650887574,37.34,-122.08,high
373,3.045,26.0,4.44364012409514,1.0723888314374355,3596.0,3.718717683557394,33.78,-117.91,average
374,5.308,37.0,4.635294117647059,1.0147058823529411,662.0,1.9470588235294117,33.9,-118.42,high
375,3.6346,39.0,5.17799352750809,1.1148867313915858,1391.0,2.250809061488673,37.76,-122.47,high
376,3.6534,46.0,5.297709923664122,1.1145038167938932,1047.0,2.66412213740458,34.18,-118.52,average
377,4.6312,7.0,5.839679358717435,0.9639278557114228,1584.0,3.1743486973947896,34.18,-117.34,low
378,5.3054,36.0,5.8603896103896105,0.935064935064935,882.0,2.8636363636363638,33.96,-118.01,high
379,1.4066,39.0,4.633123689727463,1.0440251572327044,1752.0,3.6729559748427674,34.12,-117.32,low
380,3.0877,27.0,3.596100278551532,1.001392757660167,2038.0,2.838440111420613,34.18,-118.46,average
381,3.35,35.0,4.688372093023256,0.9488372093023256,1162.0,5.404651162790698,34.29,-118.41,low
382,3.8081,25.0,5.1837160751565765,1.1837160751565763,1941.0,2.0260960334029225,34.17,-118.44,high
383,1.2716,19.0,3.4779026217228464,1.0704119850187266,4638.0,3.4741573033707867,36.81,-119.76,low
384,2.875,42.0,4.284263959390863,1.0609137055837563,2038.0,3.44839255499154,33.95,-118.36,average
385,5.5461,36.0,6.224137931034483,1.1896551724137931,158.0,2.7241379310344827,37.71,-122.19,high
386,3.2317,41.0,3.8616600790513833,1.0474308300395256,865.0,3.41897233201581,37.32,-121.89,average
387,2.8906,43.0,5.545454545454546,1.2424242424242424,534.0,2.311688311688312,36.13,-118.82,low
388,3.8024,18.0,5.105882352941176,0.9949579831932773,1904.0,3.2,32.82,-116.95,low
389,2.8125,18.0,4.9625,1.1125,239.0,2.9875,33.63,-116.92,low
390,3.4419,15.0,5.389399293286219,1.1095406360424027,3823.0,2.701766784452297,33.87,-117.6,low
391,4.2386,34.0,6.072,1.066,1366.0,2.732,37.67,-122.14,average
392,3.2285,33.0,4.267339218158891,1.0327868852459017,2626.0,3.3114754098360657,37.57,-122.32,average
393,2.3111,19.0,3.8727858293075683,1.0644122383252819,1855.0,2.9871175523349436,34.24,-118.47,high
394,7.8139,9.0,6.645061728395062,0.9753086419753086,954.0,2.9444444444444446,33.72,-117.77,high
395,2.5074,35.0,4.882154882154882,1.0942760942760943,717.0,2.414141414141414,40.42,-120.66,low
396,2.5587,37.0,4.738853503184713,1.070063694267516,1455.0,3.089171974522293,38.12,-121.27,low
397,1.875,29.0,4.286681715575621,1.182844243792325,1357.0,3.0632054176072234,37.96,-122.35,low
398,6.2427,11.0,6.161016949152542,1.0466101694915255,635.0,2.690677966101695,33.88,-117.97,average
399,6.7082,30.0,6.68,1.020952380952381,1427.0,2.718095238095238,34.16,-118.48,high
400,1.8191,36.0,4.227665706051873,1.063400576368876,1247.0,3.5936599423631126,33.93,-118.27,low
401,3.9798,31.0,4.7073170731707314,1.1121951219512196,1002.0,2.44390243902439,34.0,-118.42,high
402,1.9657,20.0,4.852292020373515,1.0390492359932089,1422.0,2.4142614601018675,40.47,-122.29,low
403,4.3986,52.0,3.9706877113866965,1.0574971815107101,1319.0,1.4870349492671928,37.79,-122.43,high
404,3.625,31.0,5.757009345794392,1.2242990654205608,185.0,1.7289719626168225,37.3,-121.91,high
405,2.6906,14.0,5.409276944065485,1.096862210095498,1945.0,2.6534788540245566,36.56,-119.38,low
406,4.5604,4.0,6.737383177570093,1.0663551401869158,6578.0,3.073831775700935,38.47,-121.38,low
407,2.2596,40.0,3.6346604215456675,0.9812646370023419,1919.0,4.494145199063232,34.01,-118.16,low
408,2.6091,21.0,3.7839541547277937,1.1369627507163325,5546.0,3.1782234957020057,33.9,-118.33,average
409,5.2798,14.0,6.355184743742551,1.0536352800953517,2093.0,2.494636471990465,37.96,-121.92,average
410,0.7069,29.0,3.0934579439252334,0.794392523364486,341.0,3.1869158878504673,34.13,-117.34,low
411,2.7043,21.0,5.562874251497006,1.2794411177644711,1106.0,2.2075848303393215,35.4,-120.86,average
412,3.4327,35.0,5.883333333333334,1.038888888888889,1108.0,3.077777777777778,34.69,-118.14,low
413,5.7628,16.0,5.6911764705882355,0.8970588235294118,489.0,3.5955882352941178,34.22,-117.38,average
414,3.6546,30.0,5.250639386189258,0.9411764705882353,1496.0,3.8260869565217392,34.16,-119.18,average
415,2.75,19.0,3.735632183908046,0.8505747126436781,354.0,4.068965517241379,33.93,-118.24,low
416,5.0774,34.0,5.5807926829268295,1.0548780487804879,1608.0,2.451219512195122,37.54,-122.32,high
417,1.7417,46.0,5.286885245901639,1.0737704918032787,410.0,3.360655737704918,38.85,-121.67,low
418,4.6771,35.0,6.264845605700713,1.0724465558194773,2892.0,3.4346793349168645,37.67,-122.49,high
419,4.2062,35.0,4.7975460122699385,0.9386503067484663,499.0,3.061349693251534,34.09,-117.93,average
420,1.8958,35.0,5.240663900414938,1.0871369294605808,950.0,3.9419087136929463,32.81,-115.38,low
421,3.0469,32.0,5.5625,1.0,1038.0,3.8161764705882355,36.56,-119.73,low
422,1.8967,52.0,5.0,1.0491803278688525,406.0,3.3278688524590163,36.74,-119.82,low
423,5.7078,17.0,5.395734597156398,1.014218009478673,1887.0,4.471563981042654,37.28,-121.81,average
424,2.6288,28.0,4.406976744186046,1.055232558139535,1011.0,2.938953488372093,34.04,-118.06,average
425,3.94,32.0,5.697058823529412,0.9764705882352941,922.0,2.711764705882353,34.12,-118.01,high
426,8.2827,24.0,8.460972017673049,1.0824742268041236,2061.0,3.035346097201767,34.15,-117.87,high
427,0.536,33.0,4.928571428571429,2.0,47.0,3.357142857142857,37.44,-121.31,low
428,5.2987,18.0,6.159325210871603,1.035613870665417,3473.0,3.254920337394564,34.32,-118.41,average
429,1.6315,29.0,4.426491994177583,0.9941775836972343,2106.0,3.0655021834061134,39.26,-121.67,low
430,3.33,15.0,4.90979381443299,1.0721649484536082,1258.0,3.2422680412371134,33.23,-117.33,low
431,3.7885,21.0,4.75,1.0555555555555556,1173.0,2.7152777777777777,33.82,-118.02,average
432,5.4346,17.0,6.261168384879725,1.5051546391752577,578.0,1.986254295532646,34.08,-119.0,high
433,0.7007,30.0,3.64,1.0242857142857142,2086.0,2.98,33.85,-118.18,low
434,3.25,46.0,5.270949720670391,1.0027932960893855,795.0,2.2206703910614527,32.76,-117.05,average
435,4.0536,36.0,6.597701149425287,1.0727969348659003,830.0,3.1800766283524906,33.94,-118.32,average
436,3.9167,35.0,5.771241830065359,1.0392156862745099,1933.0,2.105664488017429,38.58,-121.43,low
437,1.8444,20.0,5.059850374064838,1.0648379052369077,983.0,2.451371571072319,36.97,-120.05,low
438,5.0839,36.0,6.221719457013575,1.0950226244343892,670.0,3.0316742081447963,33.89,-118.02,average
439,3.0079,25.0,4.170229007633588,1.0312977099236642,2758.0,2.1053435114503816,37.3,-121.97,high
440,2.375,36.0,2.3333333333333335,0.7777777777777778,21.0,2.3333333333333335,34.03,-118.06,average
441,2.1667,37.0,3.2721518987341773,1.0569620253164558,2173.0,4.584388185654008,34.02,-118.26,low
442,6.0266,24.0,6.672131147540983,1.1147540983606556,175.0,2.8688524590163933,38.35,-122.18,average
443,10.5941,18.0,7.537037037037037,0.9481481481481482,1580.0,2.925925925925926,35.34,-119.08,high
444,4.9375,44.0,6.168776371308017,1.0126582278481013,562.0,2.371308016877637,33.97,-118.42,high
445,1.9952,36.0,4.708502024291498,1.0991902834008098,2073.0,4.196356275303644,33.9,-118.19,low
446,2.8348,8.0,3.7813370473537606,1.0445682451253482,2580.0,3.5933147632311977,36.91,-121.77,average
447,2.5387,20.0,4.185263157894737,1.003157894736842,3866.0,4.069473684210526,37.0,-121.56,average
448,5.716,27.0,7.15625,0.9375,492.0,3.075,37.4,-121.83,high
449,3.3793,18.0,6.322834645669292,1.0669291338582678,1817.0,3.576771653543307,39.11,-121.64,low
450,4.3036,36.0,5.065630397236615,1.069084628670121,1115.0,1.9257340241796201,34.15,-118.38,high
451,5.1433,16.0,6.306264501160093,1.0162412993039442,1515.0,3.51508120649652,32.93,-117.15,average
452,6.0842,18.0,7.675,1.05,368.0,3.066666666666667,38.26,-121.99,high
453,2.3958,33.0,4.941309255079007,1.1218961625282167,1459.0,3.293453724604966,34.6,-118.12,low
454,3.7454,52.0,4.60377358490566,1.0075471698113208,488.0,1.8415094339622642,36.62,-121.91,high
455,5.0861,35.0,6.051724137931035,1.110344827586207,774.0,2.668965517241379,33.95,-118.01,high
456,1.6786,52.0,5.425992779783393,1.3249097472924187,554.0,2.0,35.37,-119.03,low
457,6.3314,27.0,6.490998363338789,0.9443535188216039,1657.0,2.7119476268412437,38.01,-122.55,high
458,4.267,35.0,5.5315985130111525,0.9628252788104089,1424.0,2.646840148698885,37.68,-122.14,average
459,4.1212,52.0,5.520161290322581,1.0040322580645162,490.0,1.9758064516129032,37.9,-122.28,high
460,4.0357,17.0,6.472843450479234,1.0798722044728435,873.0,2.7891373801916934,40.74,-124.17,low
461,4.4286,6.0,4.203166226912929,0.978891820580475,832.0,2.1952506596306067,33.7,-117.79,average
462,3.4861,17.0,17.3,6.5,51.0,2.55,37.94,-119.57,low
463,4.1455,37.0,4.511933174224343,1.041766109785203,1725.0,2.058472553699284,34.06,-118.4,high
464,10.6349,24.0,6.340361445783133,1.0421686746987953,712.0,2.144578313253012,33.53,-117.76,high
465,3.8657,31.0,4.3664335664335665,1.0167832167832167,1885.0,2.6363636363636362,33.88,-118.34,high
466,1.0472,15.0,5.088,1.112,1383.0,3.688,36.72,-119.8,low
467,5.3032,52.0,5.095744680851064,1.0283687943262412,980.0,3.475177304964539,34.08,-118.12,high
468,4.7703,52.0,5.070904645476773,0.980440097799511,1136.0,2.7775061124694376,37.75,-122.48,high
469,3.6667,40.0,5.989690721649485,1.127147766323024,981.0,3.3711340206185567,33.96,-118.1,average
470,4.2266,33.0,4.621333333333333,0.9626666666666667,1757.0,4.685333333333333,34.01,-117.93,low
471,2.186,10.0,4.353515625,1.048828125,982.0,1.91796875,39.23,-121.06,low
472,3.7831,38.0,5.595394736842105,1.042763157894737,872.0,2.8684210526315788,32.83,-116.94,low
473,3.5352,17.0,6.228540772532189,1.1770386266094421,1919.0,2.0590128755364807,35.14,-120.7,high
474,3.5905,37.0,4.007352941176471,1.0465686274509804,1027.0,2.517156862745098,34.42,-119.72,high
475,2.4659,52.0,5.782857142857143,1.1171428571428572,1030.0,2.942857142857143,37.76,-122.19,low
476,2.8884,6.0,3.9479905437352247,1.1170212765957446,2315.0,2.7364066193853427,34.15,-118.26,high
477,2.6146,43.0,5.634408602150538,1.0,302.0,3.247311827956989,36.73,-119.89,low
478,2.9143,27.0,5.334500875656743,1.0595446584938704,1407.0,2.4640980735551663,40.77,-124.14,low
479,1.6785,12.0,4.485285101164929,1.011036174126303,7517.0,2.304414469650521,39.74,-121.88,low
480,5.0508,32.0,7.575688073394495,1.1009174311926606,1185.0,2.717889908256881,38.59,-121.36,average
481,3.4299,28.0,5.030120481927711,0.9590361445783132,2032.0,2.4481927710843374,38.62,-121.35,average
482,1.7227,52.0,4.954022988505747,1.0114942528735633,922.0,2.6494252873563218,37.5,-120.85,low
483,3.7708,26.0,13.603004291845494,2.6695278969957084,1177.0,2.5257510729613735,34.23,-117.27,low
484,5.9171,14.0,6.017241379310345,1.0206896551724138,1710.0,2.9482758620689653,34.52,-118.35,high
485,10.9891,4.0,6.296296296296297,0.8518518518518519,93.0,3.4444444444444446,39.0,-121.0,high
486,8.5677,28.0,6.970731707317073,1.0195121951219512,1498.0,2.435772357723577,34.13,-118.37,high
487,3.9508,6.0,5.8731884057971016,1.1111111111111112,3010.0,3.635265700483092,33.82,-116.46,low
488,2.2788,46.0,4.490054249547921,1.061482820976492,2121.0,3.8354430379746836,34.1,-118.23,low
489,2.6544,12.0,5.958333333333333,1.2916666666666667,517.0,2.154166666666667,38.06,-120.4,low
490,4.0667,35.0,5.10913140311804,0.9153674832962138,1054.0,2.3474387527839644,37.33,-121.96,high
491,4.6467,23.0,5.629757785467128,1.1003460207612457,1279.0,4.42560553633218,34.08,-118.0,average
492,5.8221,36.0,5.7913669064748206,1.0071942446043165,445.0,3.2014388489208634,37.56,-122.29,high
493,2.1687,41.0,3.2524038461538463,0.9110576923076923,1536.0,3.6923076923076925,34.1,-118.23,low
494,7.5822,14.0,7.546419098143236,1.1140583554376657,1172.0,3.1087533156498672,34.04,-117.15,high
495,3.4817,15.0,5.6280834914611,1.0588235294117647,1687.0,3.2011385199240987,38.02,-121.91,low
496,2.4167,27.0,3.8775,1.16,880.0,2.2,32.75,-117.14,low
497,4.9318,6.0,5.7944078947368425,1.0921052631578947,1705.0,2.804276315789474,37.7,-122.44,high
498,1.4792,37.0,4.414965986394558,1.0,653.0,4.442176870748299,33.95,-118.24,low
499,2.8875,17.0,5.676537585421412,1.1252847380410023,1278.0,2.9111617312072893,32.82,-116.92,low
500,6.1986,17.0,6.778225806451613,1.0221774193548387,1520.0,3.064516129032258,34.04,-117.24,average
501,1.6354,20.0,5.190283400809717,1.105263157894737,852.0,3.4493927125506074,36.15,-119.06,low
502,3.7,35.0,4.4914529914529915,1.106837606837607,517.0,2.2094017094017095,37.52,-122.27,high
503,2.6389,45.0,5.497175141242938,1.0338983050847457,500.0,2.824858757062147,35.07,-119.45,low
504,4.9766,24.0,5.841558441558441,0.9844155844155844,1015.0,2.6363636363636362,33.91,-117.91,high
505,3.138,45.0,4.717868338557993,1.0877742946708464,799.0,2.5047021943573666,34.19,-118.33,average
506,5.6762,16.0,6.833119383825418,1.0205391527599486,2493.0,3.2002567394094994,34.23,-119.03,high
507,4.7778,52.0,5.269360269360269,1.0606060606060606,637.0,2.144781144781145,37.77,-122.26,high
508,3.3125,22.0,4.069986541049798,1.0148048452220726,2357.0,3.172274562584118,33.75,-117.99,average
509,5.1356,10.0,5.144312393887946,0.9745331069609507,1623.0,2.7555178268251272,37.26,-121.82,average
510,4.8283,4.0,6.795894428152493,1.0533724340175954,5804.0,3.4041055718475075,34.13,-117.42,low
511,4.1,27.0,5.522491349480969,1.027681660899654,1703.0,5.892733564013841,33.71,-117.88,average
512,4.4097,34.0,6.37888198757764,1.031055900621118,1659.0,2.5760869565217392,32.78,-117.19,high
513,3.1106,11.0,3.67680608365019,1.1039290240811153,1659.0,2.102661596958175,34.16,-118.37,average
514,1.9,15.0,6.742574257425742,1.2623762376237624,378.0,1.8712871287128714,33.63,-117.72,average
515,2.5166,52.0,2.8390750353940537,1.1840490797546013,3436.0,1.6215195847097688,37.79,-122.41,high
516,1.5625,36.0,5.2032085561497325,1.1711229946524064,613.0,3.27807486631016,35.34,-119.01,low
517,3.0125,40.0,3.8513513513513513,0.9369369369369369,745.0,3.355855855855856,34.09,-118.09,average
518,5.1047,9.0,6.528042328042328,1.0148148148148148,3378.0,3.574603174603175,37.82,-121.24,average
519,1.7276,50.0,4.036363636363636,1.075,1807.0,4.1068181818181815,37.78,-122.22,low
520,2.13,25.0,4.337301587301587,1.0396825396825398,893.0,3.5436507936507935,36.1,-119.56,low
521,3.0306,19.0,4.061166429587482,1.0120910384068278,4163.0,2.960881934566145,33.15,-117.34,average
522,6.0797,26.0,6.2514450867052025,0.9797687861271677,947.0,2.7369942196531793,37.67,-121.79,average
523,4.0187,11.0,4.851581508515815,1.1605839416058394,849.0,2.065693430656934,33.68,-117.78,average
524,1.8162,50.0,3.5025641025641026,0.9692307692307692,459.0,2.353846153846154,37.64,-120.99,low
525,1.9848,38.0,3.8285714285714287,1.1333333333333333,1535.0,2.9238095238095236,33.8,-118.19,average
526,2.6477,32.0,5.885964912280702,1.456140350877193,856.0,7.508771929824562,35.13,-117.28,low
527,4.2348,25.0,6.020351526364477,1.051803885291397,3259.0,3.014801110083256,37.99,-122.31,average
528,2.125,37.0,4.596,1.12,1016.0,4.064,33.88,-118.22,low
529,2.9564,34.0,4.052048726467331,0.9933554817275747,2479.0,2.745293466223699,37.67,-122.1,low
530,3.0625,25.0,12.517605633802816,2.5363849765258215,1874.0,2.199530516431925,33.75,-116.71,low
531,7.8588,34.0,7.176678445229682,1.0547703180212014,1525.0,2.6943462897526502,34.17,-118.07,high
532,2.3594,30.0,5.03728813559322,1.076271186440678,1940.0,3.288135593220339,37.29,-120.46,low
533,6.0878,26.0,5.647058823529412,0.9019607843137255,1105.0,3.0952380952380953,37.47,-121.92,high
534,2.355,13.0,6.665263157894737,1.4357894736842105,1250.0,2.6315789473684212,33.56,-116.72,low
535,3.25,52.0,3.6810344827586206,0.7931034482758621,233.0,2.0086206896551726,34.02,-118.35,low
536,4.775,24.0,5.560457516339869,1.0718954248366013,2829.0,4.622549019607843,37.29,-121.84,average
537,3.4474,28.0,4.4487394957983195,1.1058823529411765,1459.0,2.4521008403361346,33.72,-118.3,high
538,8.1548,52.0,7.868421052631579,1.2105263157894737,459.0,2.4157894736842107,32.75,-117.19,high
539,3.4183,29.0,7.146031746031746,1.4730158730158731,855.0,2.7142857142857144,34.39,-117.13,low
540,5.3064,15.0,6.423584905660378,0.9924528301886792,3060.0,2.8867924528301887,38.66,-121.79,average
541,2.9559,16.0,4.284403669724771,1.0160550458715596,1323.0,3.0344036697247705,36.2,-121.13,average
542,5.9359,16.0,5.756024096385542,0.9849397590361446,1158.0,3.4879518072289155,37.26,-121.81,high
543,6.3516,40.0,5.943231441048035,1.0480349344978166,559.0,2.441048034934498,34.01,-118.45,high
544,4.6379,29.0,7.074534161490683,1.2329192546583851,765.0,2.375776397515528,38.48,-122.48,high
545,4.5913,16.0,6.338593974175036,1.0100430416068866,1908.0,2.7374461979913915,38.62,-122.85,high
546,2.4461,17.0,4.9037037037037035,1.0907407407407408,1193.0,2.2092592592592593,36.92,-121.74,low
547,1.9208,39.0,3.291946308724832,0.959731543624161,1183.0,3.969798657718121,33.79,-118.25,low
548,5.3707,7.0,6.443564356435644,1.0178217821782178,2902.0,2.873267326732673,38.27,-122.57,high
549,3.2246,19.0,5.764024933214603,1.0792520035618878,3559.0,3.1691896705253786,37.69,-121.08,low
550,2.56,34.0,2.761648745519713,1.0465949820788532,1564.0,2.802867383512545,37.48,-122.22,high
551,1.8438,17.0,3.2734375,0.8828125,1093.0,2.8463541666666665,37.78,-122.42,low
552,2.1736,29.0,5.485835694050992,1.1288951841359773,2237.0,3.168555240793201,38.52,-121.46,low
553,2.8194,24.0,4.7625,1.0208333333333333,608.0,2.533333333333333,36.75,-119.85,low
554,3.0963,23.0,4.961038961038961,1.0505050505050506,2942.0,2.1226551226551225,38.51,-121.52,low
555,2.8333,35.0,5.302040816326531,1.036734693877551,705.0,2.877551020408163,38.68,-121.46,low
556,4.2083,32.0,6.9655172413793105,1.2758620689655173,144.0,2.4827586206896552,37.77,-121.61,low
557,2.1467,15.0,4.321951219512195,0.9951219512195122,576.0,2.8097560975609754,39.6,-121.54,low
558,4.625,34.0,132.53333333333333,34.06666666666667,36.0,2.4,38.8,-120.08,average
559,5.6206,44.0,4.84375,0.9340277777777778,736.0,2.5555555555555554,37.59,-122.34,high
560,2.3783,28.0,5.023684210526316,1.0473684210526315,1140.0,3.0,37.68,-121.04,low
561,1.9809,42.0,5.253164556962025,1.0791139240506329,2105.0,3.3306962025316458,33.92,-118.26,low
562,1.9706,41.0,3.891992551210428,0.9869646182495344,2043.0,3.804469273743017,34.09,-118.19,low
563,3.25,28.0,5.979674796747967,1.0528455284552845,673.0,2.7357723577235773,39.55,-122.18,low
564,4.0781,30.0,5.685258964143427,1.2390438247011952,686.0,2.733067729083665,37.12,-122.04,low
565,2.7661,38.0,4.682266009852217,0.9655172413793104,1099.0,2.706896551724138,32.74,-117.07,low
566,2.1763,19.0,2.6273584905660377,1.0188679245283019,673.0,3.1745283018867925,34.15,-118.12,average
567,3.7147,4.0,4.367857142857143,1.1107142857142858,1315.0,2.3482142857142856,33.7,-117.77,low
568,4.9674,45.0,6.01,1.0625,926.0,2.315,37.99,-122.57,high
569,5.9113,37.0,6.438746438746438,1.0085470085470085,809.0,2.304843304843305,32.73,-117.24,high
570,1.8287,52.0,4.516908212560386,1.0821256038647342,315.0,1.5217391304347827,38.3,-122.29,low
571,3.6815,43.0,6.516129032258065,1.1096774193548387,692.0,2.232258064516129,34.95,-120.43,average
572,3.0962,38.0,4.4475,1.0325,1061.0,2.6525,37.68,-122.1,average
573,3.415,29.0,4.128205128205129,1.098793363499246,2352.0,1.7737556561085972,34.15,-118.44,high
574,3.6025,15.0,5.121304791029561,1.0112130479102956,3208.0,3.27013251783894,34.08,-117.44,low
575,3.7083,33.0,5.797687861271676,1.1011560693641618,1410.0,4.07514450867052,34.01,-117.97,average
576,2.08,30.0,5.140316205533597,1.0553359683794465,1702.0,3.3636363636363638,39.12,-121.57,low
577,4.9222,7.0,6.279615795090715,1.0101387406616862,6657.0,3.5522945570971185,38.25,-122.0,low
578,2.6607,52.0,3.123134328358209,1.11318407960199,1202.0,1.4950248756218905,37.79,-122.42,low
579,6.5755,23.0,6.813370473537605,1.0027855153203342,1196.0,3.331476323119777,33.9,-117.83,high
580,3.4312,52.0,6.359908883826879,1.0501138952164009,1177.0,2.6810933940774486,33.99,-118.03,high
581,2.1061,16.0,4.638151425762045,1.1002949852507375,3589.0,3.529006882989184,37.39,-120.59,low
582,5.2894,16.0,5.348710990502036,1.016282225237449,1894.0,2.569877883310719,37.25,-121.94,high
583,4.2054,10.0,5.515837104072398,1.048265460030166,2079.0,3.1357466063348416,34.04,-117.66,average
584,4.4367,5.0,6.1020408163265305,1.0566161948650428,4916.0,3.2363396971691905,34.2,-117.35,low
585,5.1506,20.0,6.201727328809377,1.0906847624922886,3083.0,1.9019123997532388,36.55,-121.87,high
586,1.6699,42.0,3.6096822995461424,1.0136157337367624,2327.0,3.520423600605144,34.02,-118.3,low
587,2.6997,52.0,4.0627450980392155,1.0627450980392157,1623.0,2.1215686274509804,37.83,-122.28,low
588,3.75,52.0,6.081632653061225,1.064625850340136,792.0,2.693877551020408,34.1,-118.1,high
589,5.4284,5.0,6.176979662483773,1.070532237126785,7158.0,3.0973604500216356,34.53,-118.7,average
590,4.8295,44.0,6.0583941605839415,1.0462287104622872,1305.0,3.1751824817518246,33.95,-118.31,low
591,4.8333,34.0,4.647859922178989,1.0136186770428015,1560.0,3.035019455252918,34.21,-118.59,average
592,2.7179,35.0,4.876344086021505,0.9865591397849462,1076.0,2.89247311827957,38.66,-121.43,low
593,5.1377,34.0,6.113924050632911,0.9968354430379747,1053.0,3.3322784810126582,33.89,-118.0,average
594,1.2668,27.0,2.7605321507760534,1.0443458980044347,653.0,1.4478935698447895,32.72,-117.16,average
595,5.0092,17.0,6.1170046801872076,1.0202808112324493,1895.0,2.9563182527301093,36.82,-121.66,average
596,2.3464,11.0,3.4922118380062304,1.088785046728972,1203.0,1.8738317757009346,38.35,-122.71,low
597,2.1447,26.0,3.4859504132231405,1.0760330578512396,2120.0,3.5041322314049586,33.79,-118.27,average
598,0.9708,21.0,4.064516129032258,1.103225806451613,1167.0,3.764516129032258,33.95,-118.24,low
599,3.1645,27.0,4.359375,1.0677083333333333,1427.0,2.4774305555555554,32.58,-117.13,low
600,3.3859,18.0,4.612844036697248,1.0605504587155963,2205.0,4.045871559633028,37.43,-121.96,average
601,5.6931,18.0,6.696594427244582,1.0139318885448916,1753.0,2.7136222910216716,37.97,-122.1,high
602,5.159,18.0,5.944272445820434,1.0309597523219813,890.0,2.7554179566563466,34.14,-117.2,low
603,3.1746,22.0,3.665924276169265,1.2628062360801782,1655.0,1.8429844097995545,34.02,-118.42,high
604,3.7159,52.0,5.788643533123029,1.0410094637223974,777.0,2.451104100946372,34.17,-118.12,high
605,1.7393,12.0,7.848837209302325,1.744186046511628,423.0,2.4593023255813953,40.56,-122.86,low
606,2.2899,14.0,4.145593869731801,1.053639846743295,2046.0,1.9597701149425288,32.81,-117.16,average
607,1.9267,18.0,4.7309090909090905,1.0018181818181817,1042.0,1.8945454545454545,32.6,-117.07,low
608,3.0938,34.0,5.719557195571956,1.1383763837638377,1155.0,2.1309963099630997,35.14,-120.68,high
609,3.525,34.0,4.296296296296297,0.8950617283950617,398.0,2.45679012345679,37.63,-122.49,high
610,4.7,36.0,6.0201005025125625,1.0577889447236182,1064.0,2.6733668341708543,34.21,-118.51,average
611,3.2235,52.0,4.317596566523605,1.0772532188841202,349.0,1.497854077253219,37.8,-122.43,high
612,3.3409,34.0,5.0633333333333335,1.0133333333333334,1262.0,4.206666666666667,34.05,-117.94,average
613,4.037,35.0,4.537549407114624,1.0197628458498025,975.0,3.8537549407114624,34.08,-118.04,average
614,2.0463,17.0,4.649769585253456,1.064516129032258,745.0,3.4331797235023043,33.04,-115.62,low
615,4.3553,42.0,6.449685534591195,1.050314465408805,878.0,2.761006289308176,38.15,-121.36,average
616,5.2681,21.0,5.7555555555555555,0.8444444444444444,142.0,3.1555555555555554,34.31,-119.17,high
617,3.1187,25.0,5.905292479108635,1.0612813370473537,588.0,1.6378830083565459,33.01,-117.07,average
618,2.1154,8.0,4.288659793814433,1.2474226804123711,936.0,9.649484536082474,35.47,-120.64,low
619,5.35,35.0,5.400763358778626,0.9885496183206107,1577.0,3.0095419847328246,34.21,-118.41,average
620,3.968,8.0,5.995402298850575,0.9839080459770115,1530.0,3.5172413793103448,37.37,-120.62,low
621,4.9886,8.0,7.050669772859639,1.1141525917297612,5810.0,3.3838089691322075,33.98,-117.47,average
622,3.3315,18.0,5.345565749235474,1.0305810397553516,921.0,2.81651376146789,40.45,-122.37,low
623,2.2258,25.0,3.581589958158996,1.0271966527196652,1807.0,3.780334728033473,34.06,-117.78,low
624,2.9934,52.0,3.4413793103448276,1.0206896551724138,318.0,2.193103448275862,37.57,-122.32,high
625,3.0469,20.0,5.656,1.008,337.0,2.696,39.74,-122.16,low
626,2.075,40.0,4.02,1.0483333333333333,2119.0,3.5316666666666667,34.01,-118.13,low
627,3.3869,30.0,5.135384615384615,0.9661538461538461,837.0,2.5753846153846154,36.55,-119.39,low
628,6.6458,31.0,5.965986394557823,0.9948979591836735,1957.0,3.328231292517007,34.28,-118.49,high
629,4.125,43.0,4.934973637961336,1.0263620386643233,1654.0,2.906854130052724,34.06,-118.32,high
630,3.1146,36.0,4.091047040971168,1.0819423368740515,905.0,1.3732928679817906,34.15,-118.39,high
631,9.272,40.0,7.372340425531915,0.950354609929078,720.0,2.5531914893617023,34.04,-118.4,high
632,4.9107,19.0,5.58,1.0333333333333334,1551.0,3.4466666666666668,36.84,-121.7,average
633,5.2578,39.0,5.820754716981132,0.8962264150943396,236.0,2.2264150943396226,37.79,-122.18,high
634,2.8966,29.0,5.234285714285714,1.0723809523809524,1619.0,3.083809523809524,38.58,-121.3,low
635,4.2404,52.0,4.442477876106195,1.0221238938053097,590.0,2.6106194690265485,34.05,-118.38,high
636,3.875,32.0,6.52808988764045,1.101123595505618,563.0,3.162921348314607,33.86,-118.0,average
637,1.125,46.0,5.714285714285714,1.4285714285714286,14.0,2.0,34.71,-118.12,average
638,3.567,28.0,6.074468085106383,1.070921985815603,663.0,2.351063829787234,36.81,-119.77,low
639,2.1975,41.0,5.373801916932908,1.0942492012779552,1841.0,2.940894568690096,38.54,-121.48,low
640,2.3906,27.0,5.27027027027027,1.0225225225225225,660.0,2.972972972972973,37.59,-120.69,low
641,4.5743,28.0,4.881230116648992,1.0530222693531284,2191.0,2.323435843054083,33.93,-118.42,high
642,2.6623,32.0,5.116083916083916,1.1146853146853146,1452.0,2.0307692307692307,38.63,-121.37,low
643,1.6125,52.0,3.135135135135135,1.364864864864865,286.0,1.9324324324324325,37.78,-122.4,low
644,3.3268,23.0,4.440619621342513,1.114744693057946,4124.0,2.366035570854848,37.47,-122.22,high
645,5.6392,18.0,5.951644100580271,1.0348162475822051,3010.0,2.9110251450676983,34.26,-118.6,high
646,2.8203,24.0,4.997840172786177,1.0107991360691144,1549.0,3.345572354211663,35.05,-120.48,low
647,2.9422,38.0,4.582048957388939,1.0589301903898458,2366.0,2.1450589301903897,32.74,-117.17,high
648,3.3625,31.0,5.077868852459017,1.040983606557377,929.0,3.807377049180328,34.1,-117.94,low
649,2.234,19.0,5.988352745424293,1.156405990016639,1572.0,2.615640599001664,41.86,-122.33,low
650,3.1062,11.0,5.140302613480055,1.0412654745529573,2212.0,3.0426409903713894,33.23,-117.34,low
651,1.3385,24.0,4.19404915912031,1.0284605433376455,2764.0,3.575679172056921,36.78,-119.84,low
652,2.5,28.0,6.263513513513513,1.114864864864865,542.0,3.6621621621621623,38.69,-121.43,low
653,6.6257,39.0,5.54177897574124,1.0269541778975741,939.0,2.5309973045822103,34.46,-119.19,high
654,5.4829,15.0,6.075165806927045,1.0383198231392778,4453.0,3.281503316138541,34.43,-118.49,average
655,3.6736,16.0,4.400352733686067,0.9717813051146384,2314.0,4.081128747795415,34.3,-118.47,average
656,3.5208,19.0,4.743781094527363,0.9825870646766169,2219.0,2.759950248756219,37.69,-121.02,low
657,2.525,17.0,3.7874306839186693,1.0129390018484288,2243.0,4.146025878003697,34.24,-118.42,average
658,5.759,22.0,7.366568914956011,1.249266862170088,919.0,2.695014662756598,34.38,-119.57,high
659,4.8836,16.0,6.5233644859813085,1.0186915887850467,1628.0,3.0429906542056075,33.06,-116.93,average
660,4.8542,18.0,7.328888888888889,1.0577777777777777,2227.0,3.299259259259259,38.71,-121.23,average
661,2.4196,52.0,3.936619718309859,0.9823943661971831,514.0,1.8098591549295775,37.78,-122.44,high
662,1.6307,35.0,2.962686567164179,1.0011481056257177,3276.0,1.8805970149253732,37.86,-122.26,high
663,3.2031,21.0,4.610305958132045,1.1288244766505635,1489.0,2.397745571658615,33.91,-118.06,average
664,4.1379,42.0,4.828767123287672,1.0547945205479452,624.0,2.136986301369863,38.03,-122.7,high
665,4.4697,26.0,5.94392523364486,0.9922118380062306,1935.0,3.014018691588785,37.72,-121.93,average
666,1.9688,40.0,3.8967971530249113,1.085409252669039,1322.0,4.704626334519573,34.04,-118.19,low
667,2.1923,52.0,3.0106761565836297,0.9644128113879004,1153.0,4.103202846975089,34.04,-118.21,low
668,3.3281,18.0,4.88539741219963,0.9279112754158965,1755.0,3.243992606284658,38.42,-121.37,low
669,4.5074,36.0,5.391684901531729,1.0328227571115973,1111.0,2.4310722100656457,33.74,-118.31,high
670,4.665,23.0,5.84,1.0847058823529412,1048.0,2.4658823529411764,33.42,-117.6,high
671,4.4312,45.0,5.671394799054373,1.0070921985815602,911.0,2.1536643026004727,37.75,-122.47,high
672,4.3958,9.0,6.645631067961165,1.2378640776699028,1193.0,2.895631067961165,39.33,-120.1,low
673,3.5775,33.0,5.767857142857143,1.0482142857142858,1579.0,2.819642857142857,37.68,-121.01,low
674,4.3849,36.0,5.567741935483871,1.070967741935484,1293.0,4.170967741935484,33.93,-118.04,low
675,2.1295,15.0,5.127604166666667,1.02734375,3500.0,4.557291666666667,35.76,-119.29,low
676,2.8702,36.0,5.245569620253165,1.0329113924050632,964.0,2.440506329113924,34.07,-117.66,low
677,7.2812,34.0,7.135652173913043,1.031304347826087,3141.0,2.7313043478260868,34.22,-118.27,high
678,1.6691,52.0,4.307420494699647,1.017667844522968,847.0,2.9929328621908127,38.3,-122.29,average
679,1.9602,38.0,4.3720136518771335,1.0136518771331058,1423.0,4.856655290102389,36.53,-119.38,low
680,2.5733,23.0,5.535714285714286,1.112781954887218,1419.0,2.667293233082707,36.32,-119.31,low
681,2.7138,8.0,6.931897150799166,1.2112578179291174,6835.0,4.749826268241835,35.43,-116.57,low
682,3.7667,27.0,7.305555555555555,1.9259259259259258,295.0,2.7314814814814814,39.05,-122.91,low
683,2.7679,18.0,6.1354466858789625,1.0461095100864553,815.0,2.3487031700288186,38.56,-121.37,low
684,3.3047,24.0,4.306709265175719,1.036741214057508,1908.0,3.047923322683706,33.74,-117.81,average
685,1.9224,36.0,3.902542372881356,0.847457627118644,585.0,2.4788135593220337,37.92,-122.35,low
686,6.1437,17.0,9.252155172413794,1.5344827586206897,1091.0,2.351293103448276,33.78,-116.43,average
687,4.875,5.0,5.7315175097276265,0.8871595330739299,842.0,3.2762645914396886,34.08,-117.17,low
688,7.2675,11.0,6.876889848812095,1.3844492440604752,911.0,1.9676025917926565,34.06,-118.43,high
689,4.625,13.0,4.671711292200233,1.0512223515715948,1999.0,2.3271245634458673,33.7,-117.99,high
690,1.3571,34.0,9.14420803782506,2.971631205673759,890.0,2.104018912529551,34.2,-115.85,low
691,2.875,39.0,3.8655256723716382,1.0953545232273838,1934.0,2.3643031784841075,34.08,-118.28,average
692,2.3958,39.0,3.043956043956044,0.978021978021978,182.0,2.0,34.14,-118.23,average
693,5.3644,36.0,6.305220883534137,1.1004016064257027,992.0,3.9839357429718874,37.63,-122.09,average
694,2.25,24.0,4.0894308943089435,1.1260162601626016,610.0,2.4796747967479673,33.16,-117.34,average
695,4.7319,35.0,4.926666666666667,0.9933333333333333,1000.0,2.2222222222222223,33.93,-118.4,high
696,4.55,28.0,6.037356321839081,0.9683908045977011,1061.0,3.0488505747126435,33.92,-117.5,low
697,2.8818,50.0,5.2026143790849675,1.0762527233115469,1241.0,2.7037037037037037,34.1,-117.77,average
698,1.3846,26.0,3.156779661016949,1.0932203389830508,694.0,2.940677966101695,34.05,-118.21,low
699,7.0913,23.0,5.95,0.9088235294117647,678.0,1.9941176470588236,33.03,-117.06,high
700,4.9485,11.0,5.9948914431673055,1.0523627075351214,2223.0,2.839080459770115,32.95,-117.11,average
701,4.3906,19.0,5.695488721804511,0.9511278195488722,975.0,3.6654135338345863,36.92,-121.78,average
702,13.0502,6.0,9.413793103448276,1.0804597701149425,572.0,3.2873563218390807,33.48,-117.65,high
703,10.4399,23.0,8.31067125645439,1.0232358003442341,3585.0,3.085197934595525,34.14,-118.56,high
704,5.0056,30.0,3.0,0.875,74.0,4.625,34.17,-118.3,average
705,1.7616,52.0,5.602150537634409,1.1612903225806452,1789.0,3.206093189964158,38.55,-121.46,low
706,4.1447,11.0,5.630952380952381,0.9880952380952381,1701.0,3.375,38.55,-121.34,low
707,2.0764,40.0,3.886262924667651,1.0310192023633677,2920.0,4.31314623338257,34.03,-118.18,low
708,3.7321,33.0,5.568281938325991,0.986784140969163,527.0,2.3215859030837005,33.91,-117.89,average
709,6.1953,14.0,6.684418145956608,0.9339250493096647,2768.0,2.7297830374753453,38.31,-122.33,high
710,3.7568,4.0,5.727411944869831,1.1439509954058193,6666.0,2.5520673813169985,33.22,-117.3,average
711,9.6465,5.0,7.902474526928676,0.9679767103347889,2315.0,3.3697234352256187,34.21,-118.65,high
712,4.1445,11.0,4.399096385542169,1.0316265060240963,1512.0,2.2771084337349397,34.19,-118.36,average
713,2.8417,22.0,3.8372093023255816,1.069767441860465,2428.0,5.133192389006343,34.36,-119.05,average
714,4.21,11.0,5.1649122807017545,0.9157894736842105,1012.0,3.550877192982456,33.2,-117.28,average
715,4.0729,38.0,5.271875,1.0484375,1906.0,2.978125,34.13,-118.01,average
716,6.838,34.0,6.473591549295775,1.0088028169014085,1598.0,2.813380281690141,34.26,-118.36,high
717,3.0288,37.0,4.275720164609053,1.0699588477366255,719.0,2.9588477366255144,33.83,-117.91,average
718,3.875,31.0,4.416666666666667,0.8809523809523809,208.0,2.4761904761904763,38.73,-122.0,low
719,1.8958,28.0,5.959595959595959,1.303030303030303,315.0,3.1818181818181817,37.92,-121.23,low
720,3.4013,27.0,4.119402985074627,1.0459242250287026,1891.0,2.1710677382319172,34.17,-118.4,high
721,4.0122,20.0,5.437284234752589,1.0138089758342923,2823.0,3.248561565017261,34.35,-119.09,average
722,6.135,11.0,6.622727272727273,1.0287878787878788,1790.0,2.712121212121212,37.98,-122.11,high
723,3.4543,12.0,4.801041666666666,1.046875,2293.0,2.388541666666667,38.32,-122.28,average
724,4.7007,25.0,5.824561403508772,1.023391812865497,1884.0,3.672514619883041,34.42,-118.46,average
725,3.6976,25.0,3.5306122448979593,1.0841836734693877,1558.0,1.9872448979591837,34.04,-118.46,high
726,5.422,33.0,5.253787878787879,0.9015151515151515,890.0,3.371212121212121,33.77,-118.01,average
727,10.0914,52.0,7.546391752577319,0.9621993127147767,668.0,2.29553264604811,37.79,-122.45,high
728,3.3125,29.0,4.959349593495935,0.943089430894309,619.0,2.516260162601626,36.21,-119.32,low
729,7.0674,46.0,5.761061946902655,0.9513274336283186,482.0,2.1327433628318584,34.06,-118.46,high
730,3.3036,36.0,5.689655172413793,0.9042145593869731,623.0,2.3869731800766285,34.08,-117.66,low
731,4.6528,47.0,4.335820895522388,0.8768656716417911,781.0,2.9141791044776117,34.13,-118.23,high
732,2.944,52.0,4.1239092495637,1.0541012216404886,1558.0,2.719022687609075,37.88,-122.26,high
733,5.5792,35.0,5.469740634005763,0.9913544668587896,1123.0,3.2363112391930837,34.26,-118.47,average
734,5.6402,52.0,6.214285714285714,1.015625,957.0,2.1361607142857144,38.55,-121.5,average
735,6.5814,33.0,7.435448577680525,1.0940919037199124,1351.0,2.9562363238512037,37.87,-122.11,high
736,2.0673,24.0,4.409313725490196,1.1519607843137254,1416.0,3.4705882352941178,34.96,-120.43,low
737,2.3293,28.0,4.071090047393365,0.943127962085308,455.0,2.156398104265403,37.3,-121.87,average
738,1.1853,16.0,3.996941896024465,1.0978593272171253,961.0,2.9388379204892967,32.8,-115.57,low
739,11.1077,32.0,8.010526315789473,1.063157894736842,295.0,3.1052631578947367,34.07,-117.85,high
740,5.4607,28.0,6.122913505311077,0.9726858877086495,1881.0,2.8543247344461307,37.99,-122.0,average
741,4.0542,20.0,4.722175732217573,1.0301255230125523,3841.0,3.214225941422594,33.84,-118.06,average
742,1.5781,16.0,4.988549618320611,1.0973282442748091,1163.0,2.219465648854962,34.4,-118.9,low
743,1.7566,25.0,7.10752688172043,1.5483870967741935,192.0,2.064516129032258,38.94,-122.63,low
744,1.24,24.0,2.967984934086629,1.0922787193973635,1630.0,3.0696798493408664,34.41,-119.86,high
745,2.9297,28.0,4.699551569506727,1.1375186846038865,1737.0,2.596412556053812,37.79,-122.19,low
746,4.221,11.0,6.640410958904109,1.0022831050228311,2538.0,2.8972602739726026,38.36,-122.7,average
747,5.2741,7.0,6.855371900826446,0.9793388429752066,862.0,3.56198347107438,32.76,-116.92,high
748,8.7051,48.0,7.433691756272402,1.064516129032258,700.0,2.5089605734767026,37.45,-122.14,high
749,4.3162,26.0,5.6938775510204085,0.961038961038961,1524.0,2.8274582560296846,34.7,-120.48,low
750,5.5767,34.0,6.609826589595376,1.0028901734104045,1051.0,3.03757225433526,33.78,-118.08,high
751,3.7143,34.0,4.694214876033058,1.1528925619834711,2164.0,4.471074380165289,34.21,-118.37,average
752,5.4939,20.0,6.215815485996705,1.028006589785832,1965.0,3.2372322899505765,37.25,-121.85,average
753,2.6458,50.0,3.2091836734693877,0.9591836734693877,742.0,3.7857142857142856,37.79,-122.25,low
754,4.8274,21.0,5.832214765100671,0.9899328859060402,983.0,3.2986577181208054,32.57,-117.12,average
755,4.0417,31.0,5.421841541755889,1.025695931477516,1396.0,2.9892933618843682,38.67,-121.32,low
756,1.6336,23.0,11.230633802816902,2.880281690140845,1350.0,2.3767605633802815,34.24,-116.91,low
757,2.7864,22.0,4.859832635983263,1.5209205020920502,1301.0,2.721757322175732,34.38,-119.53,high
758,7.916,23.0,8.572538860103627,1.038860103626943,1116.0,2.8911917098445596,32.8,-117.05,high
759,3.2396,33.0,5.46,1.076,825.0,3.3,32.85,-115.57,low
760,3.7153,16.0,3.2144578313253014,0.9373493975903614,1103.0,2.657831325301205,37.39,-121.87,average
761,1.8958,16.0,6.173913043478261,1.108695652173913,239.0,5.195652173913044,37.7,-120.64,low
762,3.0043,18.0,5.745424292845258,1.108153078202995,1958.0,3.257903494176373,37.74,-120.95,low
763,2.375,41.0,2.1467391304347827,0.8913043478260869,549.0,2.983695652173913,37.33,-121.88,average
764,6.917,38.0,6.890710382513661,0.9672131147540983,472.0,2.579234972677596,37.87,-122.17,high
765,2.75,22.0,5.471698113207547,1.0581761006289307,1541.0,2.4229559748427674,37.17,-118.3,low
766,3.699,19.0,3.532110091743119,1.073394495412844,2672.0,2.0428134556574924,37.32,-121.97,average
767,4.6591,15.0,3.445945945945946,0.8513513513513513,138.0,1.864864864864865,37.4,-122.11,average
768,5.2305,34.0,6.092006033182503,1.0467571644042233,2269.0,3.4223227752639516,33.92,-118.01,average
769,3.8194,21.0,4.791773778920309,0.9974293059125964,1498.0,3.8508997429305913,32.71,-117.06,low
770,5.5842,15.0,7.112820512820512,1.2102564102564102,638.0,3.2717948717948717,36.82,-119.85,low
771,3.1327,24.0,4.665121668597914,1.0208574739281575,2264.0,2.623406720741599,36.93,-121.75,average
772,4.125,46.0,11.0,2.2,26.0,5.2,36.51,-119.55,low
773,5.6396,19.0,5.961136023916293,1.0508221225710015,3437.0,2.5687593423019432,37.56,-122.25,high
774,3.2862,37.0,4.7497584541062805,1.0956521739130434,3533.0,3.413526570048309,33.93,-118.33,low
775,4.005,48.0,5.702702702702703,1.054054054054054,539.0,2.4279279279279278,34.05,-118.37,high
776,6.3401,7.0,7.2696310312204355,1.0293282876064334,2812.0,2.660359508041627,33.46,-117.63,high
777,3.6694,52.0,5.0583941605839415,1.0072992700729928,729.0,2.6605839416058394,37.73,-122.43,high
778,2.2813,29.0,4.476340694006309,1.1451104100946372,1696.0,5.350157728706624,34.0,-118.25,low
779,1.8214,34.0,2.664516129032258,1.0825806451612903,2626.0,3.3883870967741934,34.09,-118.31,average
780,3.4359,21.0,5.506410256410256,0.9871794871794872,1194.0,3.826923076923077,33.23,-117.24,low
781,4.0965,23.0,4.596984924623116,1.4301507537688443,1624.0,1.6321608040201006,34.14,-118.32,high
782,3.9226,19.0,6.204946996466431,1.0,2357.0,2.7762073027090697,38.69,-121.23,low
783,8.0499,36.0,6.080530973451327,1.0442477876106195,2216.0,1.961061946902655,34.13,-118.36,high
784,5.0,32.0,6.511392405063291,1.0278481012658227,1128.0,2.8556962025316457,37.54,-122.01,high
785,1.767,15.0,4.436893203883495,0.9902912621359223,1266.0,4.097087378640777,36.59,-119.43,low
786,3.4028,17.0,5.938704028021016,1.0910683012259195,1529.0,2.677758318739054,40.29,-120.54,low
787,2.4925,28.0,3.6754491017964073,1.0347305389221557,1932.0,2.31377245508982,33.92,-118.13,average
788,1.9907,17.0,4.341653666146646,1.0577223088923557,2566.0,4.003120124804992,35.2,-118.85,low
789,4.7708,44.0,4.767123287671233,1.082191780821918,154.0,2.1095890410958904,37.5,-122.25,high
790,2.5012,42.0,4.183729433272394,1.0475319926873858,2749.0,2.512797074954296,33.8,-118.2,average
791,4.0,52.0,5.142857142857143,0.9807692307692307,984.0,2.7032967032967035,34.16,-118.13,high
792,3.1625,16.0,5.99234693877551,1.1377551020408163,1302.0,3.3214285714285716,37.68,-120.97,low
793,6.9935,22.0,6.9826451226810295,1.0353081986834232,4054.0,2.4260921603830043,34.14,-118.82,high
794,4.3859,45.0,4.939024390243903,1.048780487804878,941.0,2.8689024390243905,37.75,-122.5,high
795,3.55,17.0,4.794007490636704,0.951310861423221,707.0,2.647940074906367,37.09,-119.65,low
796,3.8583,11.0,5.832591273374889,1.0231522707034728,3570.0,3.178984861976848,38.25,-122.01,low
797,1.7375,37.0,3.3127705627705626,1.0064935064935066,2556.0,2.7662337662337664,37.88,-122.34,high
798,3.3333,30.0,4.670967741935484,1.0774193548387097,325.0,2.096774193548387,36.62,-121.91,high
799,3.6434,51.0,4.6006006006006,1.0990990990990992,669.0,2.009009009009009,34.09,-118.26,high
800,4.6591,29.0,5.635593220338983,1.2415254237288136,613.0,2.597457627118644,33.66,-117.99,high
801,4.1319,43.0,3.6946564885496183,1.0101781170483461,897.0,2.282442748091603,37.78,-122.45,high
802,4.1483,25.0,5.678420310296191,1.1156558533145275,1850.0,2.609308885754584,37.95,-121.96,average
803,1.9093,13.0,4.779327317473339,1.1575061525840853,2244.0,1.840853158326497,38.68,-121.33,low
804,4.9844,52.0,4.541666666666667,0.8333333333333334,86.0,3.5833333333333335,34.08,-118.24,average
805,2.1289,14.0,4.461038961038961,1.0064935064935066,859.0,1.8593073593073592,38.03,-120.41,low
806,4.9375,35.0,5.3428571428571425,0.9904761904761905,261.0,2.4857142857142858,33.91,-118.13,average
807,2.4207,31.0,3.8502024291497974,1.1214574898785425,1485.0,3.006072874493927,37.32,-121.92,average
808,3.3333,45.0,4.594132029339853,0.9657701711491442,946.0,2.312958435207824,34.05,-118.36,high
809,1.6505,50.0,3.8387650085763294,1.1543739279588336,2247.0,3.8542024013722127,34.01,-118.29,low
810,3.5214,50.0,4.1225626740947074,1.0598885793871866,1179.0,1.6420612813370474,33.76,-118.14,high
811,1.4729,32.0,4.4541176470588235,1.0658823529411765,1744.0,4.103529411764706,36.34,-119.31,low
812,1.4178,42.0,3.0417582417582416,1.0065934065934066,1825.0,4.010989010989011,34.02,-118.14,low
813,5.679,20.0,6.401273885350318,1.070063694267516,457.0,2.910828025477707,38.56,-122.05,average
814,6.1536,37.0,6.838905775075988,1.094224924012158,989.0,3.0060790273556233,34.12,-118.02,high
815,6.2182,30.0,5.982248520710059,1.0650887573964498,1440.0,2.8402366863905324,37.32,-122.06,high
816,3.3542,10.0,28.112903225806452,5.604838709677419,298.0,2.403225806451613,38.29,-120.27,low
817,4.0282,16.0,5.842592592592593,1.0018518518518518,1630.0,3.0185185185185186,39.0,-121.3,low
818,4.3958,35.0,5.85754189944134,0.9804469273743017,977.0,2.7290502793296088,38.0,-121.31,low
819,4.4609,15.0,6.129496402877698,1.1079136690647482,2007.0,2.887769784172662,34.12,-117.77,average
820,2.925,46.0,6.194805194805195,1.0454545454545454,429.0,2.7857142857142856,37.75,-122.16,low
821,1.6987,30.0,2.5533661740558293,1.041871921182266,2535.0,2.08128078817734,34.06,-118.31,high
822,7.0844,11.0,7.83585313174946,1.0129589632829374,1488.0,3.2138228941684663,34.14,-117.66,high
823,5.5121,16.0,6.051612903225807,1.043010752688172,1305.0,2.806451612903226,37.26,-121.86,average
824,6.6136,39.0,5.891625615763547,1.0344827586206897,937.0,2.3078817733990147,37.43,-122.19,high
825,5.2692,4.0,5.756238003838772,1.0479846449136276,3182.0,3.053742802303263,34.02,-117.58,average
826,1.6393,22.0,4.819787985865724,1.088339222614841,1081.0,1.9098939929328622,33.47,-117.67,high
827,2.125,37.0,4.919431279620853,1.052132701421801,521.0,2.4691943127962084,37.8,-121.22,low
828,3.2196,31.0,4.293159609120521,1.0390879478827362,2695.0,4.3892508143322475,34.18,-119.18,average
829,2.6637,14.0,3.925438596491228,1.0789473684210527,1933.0,2.119517543859649,35.34,-119.05,average
830,4.7056,20.0,5.904137931034483,0.973103448275862,4861.0,3.352413793103448,34.03,-117.67,average
831,2.7316,16.0,5.226415094339623,1.080188679245283,1135.0,2.67688679245283,37.25,-121.01,low
832,2.2697,52.0,4.368421052631579,1.0,731.0,3.206140350877193,37.8,-122.24,low
833,6.02,19.0,5.368794326241135,1.049645390070922,361.0,2.5602836879432624,33.87,-118.37,high
834,1.5625,36.0,4.157534246575342,1.0616438356164384,483.0,3.308219178082192,36.74,-119.81,low
835,3.0833,24.0,2.8472222222222223,0.9801587301587301,3171.0,6.291666666666667,33.74,-117.9,low
836,4.625,22.0,5.85408560311284,0.9669260700389105,1640.0,3.190661478599222,37.6,-122.06,average
837,2.1182,18.0,5.083686440677966,1.0963983050847457,1966.0,2.082627118644068,33.74,-117.11,low
838,3.1887,16.0,3.79831045406547,1.0432946145723336,3687.0,1.946673706441394,34.18,-118.53,average
839,4.1544,19.0,4.791666666666667,1.153225806451613,1639.0,2.202956989247312,37.4,-122.08,high
840,2.6023,22.0,4.741333333333333,1.088,875.0,2.3333333333333335,38.61,-121.34,low
841,2.3929,12.0,4.8720136518771335,1.0204778156996588,1658.0,2.8293515358361776,37.28,-120.44,low
842,2.5795,17.0,5.349304482225657,1.1159196290571871,1947.0,3.009273570324575,41.77,-124.21,low
843,2.3068,23.0,3.485057471264368,1.0505747126436782,1977.0,4.544827586206897,33.97,-118.16,average
844,4.8958,49.0,3.7540106951871657,0.7647058823529411,458.0,2.449197860962567,34.05,-118.38,high
845,6.1498,26.0,6.276243093922652,0.998158379373849,1664.0,3.0644567219152856,34.09,-117.86,average
846,2.9044,43.0,5.424657534246576,1.2465753424657535,261.0,3.5753424657534247,34.02,-118.13,average
847,9.8937,29.0,7.966029723991507,0.9936305732484076,1320.0,2.8025477707006368,37.28,-122.03,high
848,2.4671,30.0,4.386727688787185,1.05720823798627,828.0,1.894736842105263,32.8,-117.24,high
849,4.485,10.0,6.4341290893015035,1.032714412024757,3507.0,3.1007957559681696,38.72,-121.25,average
850,1.7375,52.0,4.81203007518797,1.056390977443609,523.0,1.9661654135338347,38.9,-121.07,low
851,1.871,31.0,5.3628318584070795,1.1792035398230087,1360.0,3.0088495575221237,37.77,-122.17,low
852,3.567,52.0,4.550632911392405,1.0253164556962024,1340.0,2.1202531645569622,37.76,-122.25,high
853,1.871,16.0,3.536,1.0,884.0,2.3573333333333335,37.61,-120.97,low
854,5.4604,24.0,5.83289817232376,0.9738903394255874,1325.0,3.4595300261096606,34.26,-118.75,average
855,2.767,42.0,4.7356020942408374,1.1099476439790577,1094.0,2.863874345549738,34.04,-118.37,low
856,7.8287,8.0,7.290032154340836,1.0655948553054662,4089.0,2.629581993569132,37.8,-121.94,high
857,6.6131,17.0,7.358344113842174,1.0659767141009056,2111.0,2.7309184993531694,37.79,-121.97,high
858,3.9722,29.0,4.789795918367347,0.9469387755102041,1135.0,2.316326530612245,37.97,-122.32,average
859,3.5682,23.0,6.026666666666666,1.36,539.0,1.7966666666666666,33.61,-117.92,high
860,1.5594,52.0,2.8368794326241136,1.1099290780141844,1337.0,4.74113475177305,32.71,-117.14,low
861,3.3958,12.0,5.3202416918429005,1.0317220543806647,1780.0,2.688821752265861,35.32,-120.82,average
862,4.0579,5.0,4.876513317191283,1.0847457627118644,2062.0,2.49636803874092,34.59,-118.61,average
863,6.3654,26.0,7.3610648918469215,1.0249584026622296,1839.0,3.059900166389351,34.45,-119.84,high
864,1.6172,24.0,4.705357142857143,1.0,270.0,2.4107142857142856,37.7,-120.92,low
865,2.706,19.0,4.877551020408164,0.9271137026239067,1298.0,3.7842565597667637,36.22,-119.37,low
866,3.5223,8.0,8.591549295774648,1.7195902688860436,2069.0,2.649167733674776,33.81,-116.43,low
867,0.4999,46.0,1.7142857142857142,0.5714285714285714,18.0,2.5714285714285716,37.81,-122.29,low
868,1.7155,51.0,4.087671232876712,1.0547945205479452,736.0,2.0164383561643837,38.57,-121.49,low
869,3.235,12.0,6.094650205761317,1.0905349794238683,757.0,3.1152263374485596,33.64,-117.19,average
870,2.2679,36.0,3.251063829787234,1.0340425531914894,1824.0,3.880851063829787,33.93,-118.34,low
871,3.0806,8.0,4.534675615212528,1.0738255033557047,1781.0,3.9843400447427295,34.08,-117.97,low
872,5.4721,33.0,5.183319570602808,1.0520231213872833,3025.0,2.4979355904211396,37.41,-122.1,high
873,4.1818,34.0,5.5565610859728505,0.9276018099547512,1289.0,2.916289592760181,33.79,-117.97,average
874,3.0466,11.0,6.534090909090909,1.226010101010101,2144.0,2.707070707070707,38.97,-122.78,low
875,2.8208,10.0,7.060755336617405,1.38752052545156,1480.0,2.4302134646962235,38.21,-120.36,low
876,3.0685,33.0,4.155866900175131,0.9667250437828371,1673.0,2.9299474605954465,33.87,-118.15,average
877,1.2813,26.0,3.182108626198083,1.1629392971246006,366.0,1.1693290734824282,33.76,-118.08,low
878,4.6371,31.0,5.5761421319796955,1.2106598984771573,1193.0,3.027918781725888,37.57,-122.31,high
879,2.5556,27.0,1.875,0.875,332.0,2.9642857142857144,34.09,-118.32,average
880,2.3013,34.0,4.8979591836734695,1.0510204081632653,808.0,2.748299319727891,35.13,-119.45,low
881,3.1554,36.0,5.735562310030395,1.1246200607902737,1006.0,3.0577507598784193,33.97,-118.07,average
882,4.5208,10.0,6.233243967828418,1.0991957104557641,1016.0,2.7238605898123325,39.37,-120.1,low
883,4.175,34.0,5.234200743494424,1.029739776951673,738.0,2.7434944237918217,37.95,-122.05,average
884,1.1667,52.0,3.75,1.0,183.0,3.267857142857143,37.81,-122.27,low
885,3.3611,46.0,5.701421800947867,1.037914691943128,637.0,3.018957345971564,33.99,-118.06,average
886,1.577,51.0,4.813765182186235,1.1821862348178138,1083.0,2.1923076923076925,40.17,-122.24,low
887,1.2412,36.0,2.186111111111111,1.1666666666666667,1506.0,4.183333333333334,34.09,-118.31,average
888,4.983,30.0,4.916943521594685,0.9767441860465116,1126.0,3.740863787375415,37.47,-122.13,average
889,6.3199,23.0,6.909407665505227,0.975609756097561,978.0,3.407665505226481,34.3,-118.71,average
890,3.5909,25.0,4.126506024096385,1.0647590361445782,1420.0,2.13855421686747,34.07,-118.32,high
891,4.0,30.0,3.6875,0.875,400.0,3.5714285714285716,34.28,-119.16,average
892,2.8371,43.0,4.372340425531915,1.0851063829787233,1190.0,4.219858156028369,33.96,-118.2,average
893,2.7431,14.0,4.204081632653061,1.075801749271137,782.0,2.2798833819241984,34.15,-118.1,average
894,3.153,42.0,3.9234642497482377,0.9879154078549849,4496.0,4.527693856998993,33.95,-118.22,low
895,2.2667,12.0,3.436241610738255,0.9664429530201343,767.0,5.147651006711409,36.69,-121.62,low
896,10.2264,45.0,3.1666666666666665,0.8333333333333334,7460.0,1243.3333333333333,38.32,-121.98,low
897,6.2884,34.0,5.487394957983193,0.957983193277311,849.0,2.3781512605042017,37.38,-122.09,high
898,1.8906,32.0,3.460348162475822,1.0212765957446808,1429.0,2.7640232108317213,34.02,-118.12,average
899,2.7436,27.0,4.159169550173011,1.0602076124567474,3620.0,2.5051903114186853,34.1,-118.09,average
900,1.6902,41.0,4.3142292490118574,1.1047430830039526,1202.0,2.375494071146245,39.14,-121.62,low
901,2.4375,52.0,5.019607843137255,0.9859943977591037,1049.0,2.9383753501400562,36.76,-119.81,low
902,4.1165,26.0,4.9375,0.998046875,2677.0,5.228515625,37.32,-121.81,average
903,2.6643,10.0,4.436454849498328,1.0384615384615385,1967.0,3.289297658862876,33.92,-116.89,low
904,3.2723,39.0,4.474226804123711,1.041237113402062,800.0,2.7491408934707904,34.14,-118.0,average
905,4.875,32.0,5.031578947368421,1.03859649122807,672.0,2.357894736842105,33.8,-118.35,high
906,4.3661,37.0,5.372141372141372,0.9417879417879418,1333.0,2.771309771309771,33.85,-118.12,average
907,2.9844,36.0,3.5828571428571427,1.0114285714285713,834.0,4.765714285714286,33.98,-118.17,average
908,2.2311,52.0,2.879120879120879,0.989010989010989,756.0,2.769230769230769,34.1,-118.32,average
909,4.5625,20.0,6.202197802197802,1.0527472527472528,1372.0,3.0153846153846153,36.78,-119.53,low
910,1.3611,18.0,4.79578947368421,1.1010526315789473,1185.0,2.4947368421052634,39.45,-121.55,low
911,3.1795,32.0,4.889830508474576,1.0084745762711864,1509.0,2.557627118644068,33.93,-117.42,low
912,2.0272,29.0,4.2973856209150325,1.0163398692810457,1425.0,4.6568627450980395,33.2,-117.37,low
913,4.1548,32.0,5.222585924713584,1.0376432078559739,1718.0,2.811783960720131,33.79,-118.03,average
914,3.375,30.0,3.9923273657289005,0.9744245524296675,1104.0,2.823529411764706,33.83,-117.93,average
915,6.6361,17.0,7.557562076749436,1.0857787810383748,1222.0,2.7584650112866815,32.82,-116.75,high
916,9.1974,23.0,8.075949367088608,0.9651898734177216,916.0,2.8987341772151898,37.21,-121.86,high
917,4.8266,13.0,6.7466467958271235,1.0625931445603576,2170.0,3.2339791356184797,35.37,-119.12,low
918,6.9014,27.0,7.925373134328358,1.0298507462686568,1017.0,3.035820895522388,33.76,-117.8,high
919,9.3845,26.0,7.92225201072386,1.0107238605898123,1074.0,2.8793565683646114,33.75,-117.79,high
920,2.4914,30.0,3.6728971962616823,0.9976635514018691,1857.0,4.338785046728972,34.08,-118.05,average
921,2.4632,35.0,5.56043956043956,0.9862637362637363,786.0,2.159340659340659,38.61,-121.39,low
922,4.2019,37.0,5.164658634538153,1.0240963855421688,1047.0,4.204819277108434,34.11,-117.9,low
923,4.6071,14.0,5.674698795180723,1.0271084337349397,1884.0,2.8373493975903616,35.28,-120.7,average
924,0.8198,6.0,2.660436137071651,1.0903426791277258,542.0,1.6884735202492211,34.17,-118.37,high
925,9.0267,16.0,8.569131832797428,1.257234726688103,794.0,2.553054662379421,34.43,-119.61,high
926,3.4583,52.0,4.421568627450981,0.8954248366013072,852.0,2.784313725490196,34.16,-118.11,average
927,6.6478,21.0,7.030921052631579,1.013157894736842,4552.0,2.9947368421052634,37.55,-121.95,high
928,3.9097,52.0,4.888888888888889,1.0455373406193078,1395.0,2.540983606557377,37.76,-122.48,high
929,2.0162,28.0,3.6154639175257732,0.9989690721649485,3740.0,3.8556701030927836,33.96,-118.19,low
930,4.0651,33.0,3.7812128418549347,1.028537455410226,1347.0,1.6016646848989298,34.09,-118.37,high
931,5.4605,31.0,5.436813186813187,0.9986263736263736,1924.0,2.642857142857143,32.83,-117.22,average
932,2.5313,52.0,1.3784860557768925,1.0756972111553784,346.0,1.3784860557768925,34.05,-118.23,average
933,8.203,21.0,7.595463137996219,1.0132325141776937,1508.0,2.850661625708885,34.26,-118.55,high
934,2.67,30.0,3.9306666666666668,1.1026666666666667,1635.0,2.18,34.26,-119.25,average
935,2.32,7.0,3.939873417721519,1.0651898734177214,5410.0,3.4240506329113924,33.15,-117.18,low
936,5.0391,28.0,5.867796610169491,1.0,810.0,2.7457627118644066,37.91,-122.07,high
937,4.1765,52.0,4.952808988764045,1.1191011235955055,899.0,2.020224719101124,33.77,-118.15,high
938,3.9261,12.0,5.657303370786517,1.0449438202247192,1027.0,2.884831460674157,35.63,-117.76,low
939,4.226,11.0,3.718840579710145,1.1304347826086956,718.0,2.081159420289855,37.33,-121.9,average
940,2.652,31.0,4.931350114416476,1.194508009153318,1858.0,4.251716247139588,37.6,-122.02,average
941,2.6458,10.0,4.360526315789474,0.9447368421052632,958.0,2.5210526315789474,36.71,-119.57,low
942,6.1805,32.0,7.526748971193416,1.0781893004115226,677.0,2.786008230452675,38.04,-121.23,high
943,6.5356,15.0,5.233333333333333,0.9733333333333334,747.0,1.66,33.66,-117.83,high
944,1.0685,46.0,3.6322314049586777,1.0557851239669422,1094.0,2.260330578512397,38.61,-121.45,low
945,4.0469,27.0,6.542735042735043,1.1367521367521367,822.0,3.5128205128205128,39.13,-123.21,low
946,3.6786,11.0,6.1975903614457835,1.0939759036144578,1402.0,3.378313253012048,36.09,-119.06,low
947,4.3409,40.0,5.134883720930232,1.041860465116279,669.0,3.1116279069767443,36.98,-121.99,high
948,5.0956,21.0,5.808917197452229,1.0414012738853504,2266.0,3.6082802547770703,33.7,-117.87,high
949,3.5861,16.0,3.261744966442953,1.1438159156279961,1479.0,1.4180249280920423,37.37,-122.03,high
950,2.9688,16.0,5.646739130434782,0.9891304347826086,554.0,3.010869565217391,39.2,-121.2,low
951,2.745,35.0,4.887096774193548,1.0053763440860215,1444.0,3.881720430107527,33.92,-118.27,low
952,3.1453,23.0,5.483582089552239,0.991044776119403,1064.0,3.1761194029850746,36.2,-119.31,low
953,4.6437,21.0,7.507645259938838,1.165137614678899,1094.0,3.345565749235474,34.14,-117.51,average
954,3.0817,20.0,5.437037037037037,1.048148148148148,721.0,2.6703703703703705,37.25,-118.45,low
955,6.4664,17.0,6.8609467455621305,0.9585798816568047,1076.0,3.1834319526627217,37.23,-121.81,high
956,4.975,16.0,56.26923076923077,10.153846153846153,54.0,2.076923076923077,39.01,-120.16,average
957,4.4375,16.0,6.126353790613718,0.9638989169675091,832.0,3.003610108303249,38.35,-121.98,low
958,1.4615,20.0,4.210982658959537,1.0751445086705202,1000.0,2.8901734104046244,37.35,-120.62,low
959,1.3375,18.0,4.567625133120341,1.0873269435569755,2707.0,2.8828541001064965,39.13,-121.54,low
960,2.8269,34.0,4.285266457680251,1.031347962382445,796.0,2.4952978056426334,35.5,-119.27,low
961,1.1915,45.0,5.594377510040161,1.180722891566265,521.0,2.0923694779116464,41.31,-122.32,low
962,4.6976,36.0,5.362612612612613,0.9436936936936937,1669.0,3.759009009009009,33.92,-118.09,average
963,5.0863,30.0,5.4784053156146175,1.053156146179402,1532.0,2.5448504983388704,37.25,-121.95,high
964,3.5611,12.0,6.175373134328358,1.0845771144278606,2191.0,2.7251243781094527,36.23,-119.34,low
965,1.6286,42.0,4.338422391857506,1.063613231552163,905.0,2.3027989821882953,35.42,-119.03,low
966,4.3911,21.0,5.976027397260274,0.910958904109589,837.0,2.8664383561643834,36.35,-119.65,low
967,4.4663,34.0,5.725663716814159,1.0501474926253687,1021.0,3.0117994100294987,33.81,-117.96,average
968,3.6333,30.0,5.431578947368421,0.9473684210526315,288.0,3.031578947368421,36.79,-121.32,average
969,2.8125,44.0,3.845208845208845,0.9778869778869779,1500.0,3.6855036855036856,34.12,-118.2,low
970,2.4211,20.0,3.8445440956651717,1.094170403587444,1534.0,2.2929745889387143,33.73,-117.84,average
971,4.2917,8.0,7.164285714285715,1.1928571428571428,388.0,2.7714285714285714,33.62,-116.96,average
972,4.5293,19.0,6.920661157024793,1.1305785123966943,1827.0,3.0198347107438015,38.34,-122.31,average
973,3.9205,4.0,5.876190476190477,1.0,224.0,2.1333333333333333,33.13,-117.29,average
974,4.0313,18.0,15.813953488372093,3.116279069767442,350.0,2.7131782945736433,39.04,-120.16,low
975,4.0,38.0,4.56140350877193,0.8859649122807017,557.0,2.442982456140351,33.96,-118.13,high
976,3.5562,16.0,3.411602209944751,1.1464088397790055,1170.0,1.6160220994475138,32.78,-117.11,low
977,3.7562,48.0,5.8504901960784315,1.0392156862745099,1041.0,2.551470588235294,37.75,-122.49,high
978,5.1681,52.0,6.913419913419913,1.0389610389610389,566.0,2.45021645021645,37.73,-122.48,high
979,4.1612,15.0,4.187111801242236,1.1040372670807452,2133.0,1.656055900621118,37.91,-122.06,average
980,2.9,20.0,4.083333333333333,1.0851063829787233,1607.0,2.849290780141844,33.86,-117.99,average
981,6.4517,23.0,7.176470588235294,1.2058823529411764,670.0,2.8151260504201683,37.1,-121.9,high
982,4.1359,17.0,4.607344632768362,1.0635593220338984,1879.0,2.653954802259887,34.22,-118.57,high
983,4.7831,24.0,5.303875968992248,1.0170542635658915,2220.0,3.441860465116279,34.22,-119.03,average
984,6.5044,33.0,6.767241379310345,1.0043103448275863,1214.0,2.6163793103448274,34.01,-118.36,high
985,3.2292,34.0,5.33030303030303,1.0696969696969696,2083.0,6.3121212121212125,33.74,-117.89,average
986,4.7755,36.0,5.956331877729258,1.0109170305676856,2761.0,3.0141921397379914,37.66,-122.45,high
987,3.1719,8.0,6.979220779220779,1.2857142857142858,5087.0,13.212987012987012,37.79,-120.45,low
988,3.2383,18.0,4.4557926829268295,1.021341463414634,1751.0,2.669207317073171,34.11,-117.88,low
989,4.0132,5.0,26.511415525114156,4.703196347031963,569.0,2.598173515981735,34.25,-116.85,average
990,4.3693,15.0,7.194321766561514,1.3444794952681387,3327.0,2.0990536277602523,34.17,-119.27,high
991,6.2473,24.0,6.8927392739273925,1.0297029702970297,1704.0,2.8118811881188117,33.68,-117.98,high
992,3.4205,36.0,5.735384615384615,1.0184615384615385,1052.0,3.236923076923077,35.4,-118.98,low
993,3.1023,23.0,5.161375661375661,1.0449735449735449,901.0,2.3835978835978837,32.84,-117.01,low
994,4.6324,16.0,5.685410334346504,1.060790273556231,1938.0,2.945288753799392,38.32,-122.69,average
995,3.7917,16.0,6.155294117647059,0.9929411764705882,1090.0,2.5647058823529414,39.26,-120.99,average
996,2.3977,52.0,4.211055276381909,1.221105527638191,1428.0,2.391959798994975,37.77,-122.43,high
997,2.976,52.0,4.743589743589744,1.0293040293040292,578.0,2.1172161172161172,34.1,-118.36,high
998,5.575,10.0,6.247572815533981,1.0097087378640777,3242.0,3.1475728155339806,35.39,-119.08,low
999,2.4012,18.0,5.234793187347932,1.0206812652068127,5303.0,3.225669099756691,37.37,-120.5,low
