"","FixedAcidity","VolatileAcidity","CitricAcid","ResidualSugar","Chlorides","FreeSulfurDioxide","TotalSulfurDioxide","Density","pH","Sulphates","Alcohol","Quality"
"1001",7.5,0.43,0.3,2.2,0.062,6,12,0.99495,3.44,0.72,11.5,"high"
"1002",9.9,0.35,0.38,1.5,0.058,31,47,0.99676,3.26,0.82,10.6,"high"
"1003",9.1,0.29,0.33,2.05,0.063,13,27,0.99516,3.26,0.84,11.7,"high"
"1004",6.8,0.36,0.32,1.8,0.067,4,8,0.9928,3.36,0.55,12.8,"high"
"1005",8.2,0.43,0.29,1.6,0.081,27,45,0.99603,3.25,0.54,10.3,"low"
"1006",6.8,0.36,0.32,1.8,0.067,4,8,0.9928,3.36,0.55,12.8,"high"
"1007",9.1,0.29,0.33,2.05,0.063,13,27,0.99516,3.26,0.84,11.7,"high"
"1008",9.1,0.3,0.34,2,0.064,12,25,0.99516,3.26,0.84,11.7,"high"
"1009",8.9,0.35,0.4,3.6,0.11,12,24,0.99549,3.23,0.7,12,"high"
"1010",9.6,0.5,0.36,2.8,0.116,26,55,0.99722,3.18,0.68,10.9,"low"
"1011",8.9,0.28,0.45,1.7,0.067,7,12,0.99354,3.25,0.55,12.3,"high"
"1012",8.9,0.32,0.31,2,0.088,12,19,0.9957,3.17,0.55,10.4,"medium"
"1013",7.7,1.005,0.15,2.1,0.102,11,32,0.99604,3.23,0.48,10,"low"
"1014",7.5,0.71,0,1.6,0.092,22,31,0.99635,3.38,0.58,10,"medium"
"1015",8,0.58,0.16,2,0.12,3,7,0.99454,3.22,0.58,11.2,"medium"
"1016",10.5,0.39,0.46,2.2,0.075,14,27,0.99598,3.06,0.84,11.4,"medium"
"1017",8.9,0.38,0.4,2.2,0.068,12,28,0.99486,3.27,0.75,12.6,"high"
"1018",8,0.18,0.37,0.9,0.049,36,109,0.99007,2.89,0.44,12.7,"medium"
"1019",8,0.18,0.37,0.9,0.049,36,109,0.99007,2.89,0.44,12.7,"medium"
"1020",7,0.5,0.14,1.8,0.078,10,23,0.99636,3.53,0.61,10.4,"low"
"1021",11.3,0.36,0.66,2.4,0.123,3,8,0.99642,3.2,0.53,11.9,"medium"
"1022",11.3,0.36,0.66,2.4,0.123,3,8,0.99642,3.2,0.53,11.9,"medium"
"1023",7,0.51,0.09,2.1,0.062,4,9,0.99584,3.35,0.54,10.5,"low"
"1024",8.2,0.32,0.42,2.3,0.098,3,9,0.99506,3.27,0.55,12.3,"medium"
"1025",7.7,0.58,0.01,1.8,0.088,12,18,0.99568,3.32,0.56,10.5,"high"
"1026",8.6,0.83,0,2.8,0.095,17,43,0.99822,3.33,0.6,10.4,"medium"
"1027",7.9,0.31,0.32,1.9,0.066,14,36,0.99364,3.41,0.56,12.6,"medium"
"1028",6.4,0.795,0,2.2,0.065,28,52,0.99378,3.49,0.52,11.6,"low"
"1029",7.2,0.34,0.21,2.5,0.075,41,68,0.99586,3.37,0.54,10.1,"medium"
"1030",7.7,0.58,0.01,1.8,0.088,12,18,0.99568,3.32,0.56,10.5,"high"
"1031",7.1,0.59,0,2.1,0.091,9,14,0.99488,3.42,0.55,11.5,"high"
"1032",7.3,0.55,0.01,1.8,0.093,9,15,0.99514,3.35,0.58,11,"high"
"1033",8.1,0.82,0,4.1,0.095,5,14,0.99854,3.36,0.53,9.6,"low"
"1034",7.5,0.57,0.08,2.6,0.089,14,27,0.99592,3.3,0.59,10.4,"medium"
"1035",8.9,0.745,0.18,2.5,0.077,15,48,0.99739,3.2,0.47,9.7,"medium"
"1036",10.1,0.37,0.34,2.4,0.085,5,17,0.99683,3.17,0.65,10.6,"high"
"1037",7.6,0.31,0.34,2.5,0.082,26,35,0.99356,3.22,0.59,12.5,"high"
"1038",7.3,0.91,0.1,1.8,0.074,20,56,0.99672,3.35,0.56,9.2,"low"
"1039",8.7,0.41,0.41,6.2,0.078,25,42,0.9953,3.24,0.77,12.6,"high"
"1040",8.9,0.5,0.21,2.2,0.088,21,39,0.99692,3.33,0.83,11.1,"medium"
"1041",7.4,0.965,0,2.2,0.088,16,32,0.99756,3.58,0.67,10.2,"low"
"1042",6.9,0.49,0.19,1.7,0.079,13,26,0.99547,3.38,0.64,9.8,"medium"
"1043",8.9,0.5,0.21,2.2,0.088,21,39,0.99692,3.33,0.83,11.1,"medium"
"1044",9.5,0.39,0.41,8.9,0.069,18,39,0.99859,3.29,0.81,10.9,"high"
"1045",6.4,0.39,0.33,3.3,0.046,12,53,0.99294,3.36,0.62,12.2,"medium"
"1046",6.9,0.44,0,1.4,0.07,32,38,0.99438,3.32,0.58,11.4,"medium"
"1047",7.6,0.78,0,1.7,0.076,33,45,0.99612,3.31,0.62,10.7,"medium"
"1048",7.1,0.43,0.17,1.8,0.082,27,51,0.99634,3.49,0.64,10.4,"low"
"1049",9.3,0.49,0.36,1.7,0.081,3,14,0.99702,3.27,0.78,10.9,"medium"
"1050",9.3,0.5,0.36,1.8,0.084,6,17,0.99704,3.27,0.77,10.8,"medium"
"1051",7.1,0.43,0.17,1.8,0.082,27,51,0.99634,3.49,0.64,10.4,"low"
"1052",8.5,0.46,0.59,1.4,0.414,16,45,0.99702,3.03,1.34,9.2,"low"
"1053",5.6,0.605,0.05,2.4,0.073,19,25,0.99258,3.56,0.55,12.9,"low"
"1054",8.3,0.33,0.42,2.3,0.07,9,20,0.99426,3.38,0.77,12.7,"high"
"1055",8.2,0.64,0.27,2,0.095,5,77,0.99747,3.13,0.62,9.1,"medium"
"1056",8.2,0.64,0.27,2,0.095,5,77,0.99747,3.13,0.62,9.1,"medium"
"1057",8.9,0.48,0.53,4,0.101,3,10,0.99586,3.21,0.59,12.1,"high"
"1058",7.6,0.42,0.25,3.9,0.104,28,90,0.99784,3.15,0.57,9.1,"low"
"1059",9.9,0.53,0.57,2.4,0.093,30,52,0.9971,3.19,0.76,11.6,"high"
"1060",8.9,0.48,0.53,4,0.101,3,10,0.99586,3.21,0.59,12.1,"high"
"1061",11.6,0.23,0.57,1.8,0.074,3,8,0.9981,3.14,0.7,9.9,"medium"
"1062",9.1,0.4,0.5,1.8,0.071,7,16,0.99462,3.21,0.69,12.5,"high"
"1063",8,0.38,0.44,1.9,0.098,6,15,0.9956,3.3,0.64,11.4,"medium"
"1064",10.2,0.29,0.65,2.4,0.075,6,17,0.99565,3.22,0.63,11.8,"medium"
"1065",8.2,0.74,0.09,2,0.067,5,10,0.99418,3.28,0.57,11.8,"medium"
"1066",7.7,0.61,0.18,2.4,0.083,6,20,0.9963,3.29,0.6,10.2,"medium"
"1067",6.6,0.52,0.08,2.4,0.07,13,26,0.99358,3.4,0.72,12.5,"high"
"1068",11.1,0.31,0.53,2.2,0.06,3,10,0.99572,3.02,0.83,10.9,"high"
"1069",11.1,0.31,0.53,2.2,0.06,3,10,0.99572,3.02,0.83,10.9,"high"
"1070",8,0.62,0.35,2.8,0.086,28,52,0.997,3.31,0.62,10.8,"low"
"1071",9.3,0.33,0.45,1.5,0.057,19,37,0.99498,3.18,0.89,11.1,"high"
"1072",7.5,0.77,0.2,8.1,0.098,30,92,0.99892,3.2,0.58,9.2,"low"
"1073",7.2,0.35,0.26,1.8,0.083,33,75,0.9968,3.4,0.58,9.5,"medium"
"1074",8,0.62,0.33,2.7,0.088,16,37,0.9972,3.31,0.58,10.7,"medium"
"1075",7.5,0.77,0.2,8.1,0.098,30,92,0.99892,3.2,0.58,9.2,"low"
"1076",9.1,0.25,0.34,2,0.071,45,67,0.99769,3.44,0.86,10.2,"high"
"1077",9.9,0.32,0.56,2,0.073,3,8,0.99534,3.15,0.73,11.4,"medium"
"1078",8.6,0.37,0.65,6.4,0.08,3,8,0.99817,3.27,0.58,11,"low"
"1079",8.6,0.37,0.65,6.4,0.08,3,8,0.99817,3.27,0.58,11,"low"
"1080",7.9,0.3,0.68,8.3,0.05,37.5,278,0.99316,3.01,0.51,12.3,"high"
"1081",10.3,0.27,0.56,1.4,0.047,3,8,0.99471,3.16,0.51,11.8,"medium"
"1082",7.9,0.3,0.68,8.3,0.05,37.5,289,0.99316,3.01,0.51,12.3,"high"
"1083",7.2,0.38,0.3,1.8,0.073,31,70,0.99685,3.42,0.59,9.5,"medium"
"1084",8.7,0.42,0.45,2.4,0.072,32,59,0.99617,3.33,0.77,12,"medium"
"1085",7.2,0.38,0.3,1.8,0.073,31,70,0.99685,3.42,0.59,9.5,"medium"
"1086",6.8,0.48,0.08,1.8,0.074,40,64,0.99529,3.12,0.49,9.6,"low"
"1087",8.5,0.34,0.4,4.7,0.055,3,9,0.99738,3.38,0.66,11.6,"high"
"1088",7.9,0.19,0.42,1.6,0.057,18,30,0.994,3.29,0.69,11.2,"medium"
"1089",11.6,0.41,0.54,1.5,0.095,22,41,0.99735,3.02,0.76,9.9,"high"
"1090",11.6,0.41,0.54,1.5,0.095,22,41,0.99735,3.02,0.76,9.9,"high"
"1091",10,0.26,0.54,1.9,0.083,42,74,0.99451,2.98,0.63,11.8,"high"
"1092",7.9,0.34,0.42,2,0.086,8,19,0.99546,3.35,0.6,11.4,"medium"
"1093",7,0.54,0.09,2,0.081,10,16,0.99479,3.43,0.59,11.5,"medium"
"1094",9.2,0.31,0.36,2.2,0.079,11,31,0.99615,3.33,0.86,12,"high"
"1095",6.6,0.725,0.09,5.5,0.117,9,17,0.99655,3.35,0.49,10.8,"medium"
"1096",9.4,0.4,0.47,2.5,0.087,6,20,0.99772,3.15,0.5,10.5,"low"
"1097",6.6,0.725,0.09,5.5,0.117,9,17,0.99655,3.35,0.49,10.8,"medium"
"1098",8.6,0.52,0.38,1.5,0.096,5,18,0.99666,3.2,0.52,9.4,"low"
"1099",8,0.31,0.45,2.1,0.216,5,16,0.99358,3.15,0.81,12.5,"high"
"1100",8.6,0.52,0.38,1.5,0.096,5,18,0.99666,3.2,0.52,9.4,"low"
"1101",8.4,0.34,0.42,2.1,0.072,23,36,0.99392,3.11,0.78,12.4,"medium"
"1102",7.4,0.49,0.27,2.1,0.071,14,25,0.99388,3.35,0.63,12,"medium"
"1103",6.1,0.48,0.09,1.7,0.078,18,30,0.99402,3.45,0.54,11.2,"medium"
"1104",7.4,0.49,0.27,2.1,0.071,14,25,0.99388,3.35,0.63,12,"medium"
"1105",8,0.48,0.34,2.2,0.073,16,25,0.9936,3.28,0.66,12.4,"medium"
"1106",6.3,0.57,0.28,2.1,0.048,13,49,0.99374,3.41,0.6,12.8,"low"
"1107",8.2,0.23,0.42,1.9,0.069,9,17,0.99376,3.21,0.54,12.3,"medium"
"1108",9.1,0.3,0.41,2,0.068,10,24,0.99523,3.27,0.85,11.7,"high"
"1109",8.1,0.78,0.1,3.3,0.09,4,13,0.99855,3.36,0.49,9.5,"low"
"1110",10.8,0.47,0.43,2.1,0.171,27,66,0.9982,3.17,0.76,10.8,"medium"
"1111",8.3,0.53,0,1.4,0.07,6,14,0.99593,3.25,0.64,10,"medium"
"1112",5.4,0.42,0.27,2,0.092,23,55,0.99471,3.78,0.64,12.3,"high"
"1113",7.9,0.33,0.41,1.5,0.056,6,35,0.99396,3.29,0.71,11,"medium"
"1114",8.9,0.24,0.39,1.6,0.074,3,10,0.99698,3.12,0.59,9.5,"medium"
"1115",5,0.4,0.5,4.3,0.046,29,80,0.9902,3.49,0.66,13.6,"medium"
"1116",7,0.69,0.07,2.5,0.091,15,21,0.99572,3.38,0.6,11.3,"medium"
"1117",7,0.69,0.07,2.5,0.091,15,21,0.99572,3.38,0.6,11.3,"medium"
"1118",7,0.69,0.07,2.5,0.091,15,21,0.99572,3.38,0.6,11.3,"medium"
"1119",7.1,0.39,0.12,2.1,0.065,14,24,0.99252,3.3,0.53,13.3,"medium"
"1120",5.6,0.66,0,2.5,0.066,7,15,0.99256,3.52,0.58,12.9,"low"
"1121",7.9,0.54,0.34,2.5,0.076,8,17,0.99235,3.2,0.72,13.1,"high"
"1122",6.6,0.5,0,1.8,0.062,21,28,0.99352,3.44,0.55,12.3,"medium"
"1123",6.3,0.47,0,1.4,0.055,27,33,0.9922,3.45,0.48,12.3,"medium"
"1124",10.7,0.4,0.37,1.9,0.081,17,29,0.99674,3.12,0.65,11.2,"medium"
"1125",6.5,0.58,0,2.2,0.096,3,13,0.99557,3.62,0.62,11.5,"low"
"1126",8.8,0.24,0.35,1.7,0.055,13,27,0.99394,3.14,0.59,11.3,"high"
"1127",5.8,0.29,0.26,1.7,0.063,3,11,0.9915,3.39,0.54,13.5,"medium"
"1128",6.3,0.76,0,2.9,0.072,26,52,0.99379,3.51,0.6,11.5,"medium"
"1129",10,0.43,0.33,2.7,0.095,28,89,0.9984,3.22,0.68,10,"low"
"1130",10.5,0.43,0.35,3.3,0.092,24,70,0.99798,3.21,0.69,10.5,"medium"
"1131",9.1,0.6,0,1.9,0.058,5,10,0.9977,3.18,0.63,10.4,"medium"
"1132",5.9,0.19,0.21,1.7,0.045,57,135,0.99341,3.32,0.44,9.5,"low"
"1133",7.4,0.36,0.34,1.8,0.075,18,38,0.9933,3.38,0.88,13.6,"high"
"1134",7.2,0.48,0.07,5.5,0.089,10,18,0.99684,3.37,0.68,11.2,"high"
"1135",8.5,0.28,0.35,1.7,0.061,6,15,0.99524,3.3,0.74,11.8,"high"
"1136",8,0.25,0.43,1.7,0.067,22,50,0.9946,3.38,0.6,11.9,"medium"
"1137",10.4,0.52,0.45,2,0.08,6,13,0.99774,3.22,0.76,11.4,"medium"
"1138",10.4,0.52,0.45,2,0.08,6,13,0.99774,3.22,0.76,11.4,"medium"
"1139",7.5,0.41,0.15,3.7,0.104,29,94,0.99786,3.14,0.58,9.1,"low"
"1140",8.2,0.51,0.24,2,0.079,16,86,0.99764,3.34,0.64,9.5,"medium"
"1141",7.3,0.4,0.3,1.7,0.08,33,79,0.9969,3.41,0.65,9.5,"medium"
"1142",8.2,0.38,0.32,2.5,0.08,24,71,0.99624,3.27,0.85,11,"medium"
"1143",6.9,0.45,0.11,2.4,0.043,6,12,0.99354,3.3,0.65,11.4,"medium"
"1144",7,0.22,0.3,1.8,0.065,16,20,0.99672,3.61,0.82,10,"medium"
"1145",7.3,0.32,0.23,2.3,0.066,35,70,0.99588,3.43,0.62,10.1,"low"
"1146",8.2,0.2,0.43,2.5,0.076,31,51,0.99672,3.53,0.81,10.4,"medium"
"1147",7.8,0.5,0.12,1.8,0.178,6,21,0.996,3.28,0.87,9.8,"medium"
"1148",10,0.41,0.45,6.2,0.071,6,14,0.99702,3.21,0.49,11.8,"high"
"1149",7.8,0.39,0.42,2,0.086,9,21,0.99526,3.39,0.66,11.6,"medium"
"1150",10,0.35,0.47,2,0.061,6,11,0.99585,3.23,0.52,12,"medium"
"1151",8.2,0.33,0.32,2.8,0.067,4,12,0.99473,3.3,0.76,12.8,"high"
"1152",6.1,0.58,0.23,2.5,0.044,16,70,0.99352,3.46,0.65,12.5,"medium"
"1153",8.3,0.6,0.25,2.2,0.118,9,38,0.99616,3.15,0.53,9.8,"low"
"1154",9.6,0.42,0.35,2.1,0.083,17,38,0.99622,3.23,0.66,11.1,"medium"
"1155",6.6,0.58,0,2.2,0.1,50,63,0.99544,3.59,0.68,11.4,"medium"
"1156",8.3,0.6,0.25,2.2,0.118,9,38,0.99616,3.15,0.53,9.8,"low"
"1157",8.5,0.18,0.51,1.75,0.071,45,88,0.99524,3.33,0.76,11.8,"high"
"1158",5.1,0.51,0.18,2.1,0.042,16,101,0.9924,3.46,0.87,12.9,"high"
"1159",6.7,0.41,0.43,2.8,0.076,22,54,0.99572,3.42,1.16,10.6,"medium"
"1160",10.2,0.41,0.43,2.2,0.11,11,37,0.99728,3.16,0.67,10.8,"low"
"1161",10.6,0.36,0.57,2.3,0.087,6,20,0.99676,3.14,0.72,11.1,"high"
"1162",8.8,0.45,0.43,1.4,0.076,12,21,0.99551,3.21,0.75,10.2,"medium"
"1163",8.5,0.32,0.42,2.3,0.075,12,19,0.99434,3.14,0.71,11.8,"high"
"1164",9,0.785,0.24,1.7,0.078,10,21,0.99692,3.29,0.67,10,"low"
"1165",9,0.785,0.24,1.7,0.078,10,21,0.99692,3.29,0.67,10,"low"
"1166",8.5,0.44,0.5,1.9,0.369,15,38,0.99634,3.01,1.1,9.4,"low"
"1167",9.9,0.54,0.26,2,0.111,7,60,0.99709,2.94,0.98,10.2,"low"
"1168",8.2,0.33,0.39,2.5,0.074,29,48,0.99528,3.32,0.88,12.4,"high"
"1169",6.5,0.34,0.27,2.8,0.067,8,44,0.99384,3.21,0.56,12,"medium"
"1170",7.6,0.5,0.29,2.3,0.086,5,14,0.99502,3.32,0.62,11.5,"medium"
"1171",9.2,0.36,0.34,1.6,0.062,5,12,0.99667,3.2,0.67,10.5,"medium"
"1172",7.1,0.59,0,2.2,0.078,26,44,0.99522,3.42,0.68,10.8,"medium"
"1173",9.7,0.42,0.46,2.1,0.074,5,16,0.99649,3.27,0.74,12.3,"medium"
"1174",7.6,0.36,0.31,1.7,0.079,26,65,0.99716,3.46,0.62,9.5,"medium"
"1175",7.6,0.36,0.31,1.7,0.079,26,65,0.99716,3.46,0.62,9.5,"medium"
"1176",6.5,0.61,0,2.2,0.095,48,59,0.99541,3.61,0.7,11.5,"medium"
"1177",6.5,0.88,0.03,5.6,0.079,23,47,0.99572,3.58,0.5,11.2,"low"
"1178",7.1,0.66,0,2.4,0.052,6,11,0.99318,3.35,0.66,12.7,"high"
"1179",5.6,0.915,0,2.1,0.041,17,78,0.99346,3.68,0.73,11.4,"low"
"1180",8.2,0.35,0.33,2.4,0.076,11,47,0.99599,3.27,0.81,11,"medium"
"1181",8.2,0.35,0.33,2.4,0.076,11,47,0.99599,3.27,0.81,11,"medium"
"1182",9.8,0.39,0.43,1.65,0.068,5,11,0.99478,3.19,0.46,11.4,"low"
"1183",10.2,0.4,0.4,2.5,0.068,41,54,0.99754,3.38,0.86,10.5,"medium"
"1184",6.8,0.66,0.07,1.6,0.07,16,61,0.99572,3.29,0.6,9.3,"low"
"1185",6.7,0.64,0.23,2.1,0.08,11,119,0.99538,3.36,0.7,10.9,"low"
"1186",7,0.43,0.3,2,0.085,6,39,0.99346,3.33,0.46,11.9,"medium"
"1187",6.6,0.8,0.03,7.8,0.079,6,12,0.9963,3.52,0.5,12.2,"low"
"1188",7,0.43,0.3,2,0.085,6,39,0.99346,3.33,0.46,11.9,"medium"
"1189",6.7,0.64,0.23,2.1,0.08,11,119,0.99538,3.36,0.7,10.9,"low"
"1190",8.8,0.955,0.05,1.8,0.075,5,19,0.99616,3.3,0.44,9.6,"low"
"1191",9.1,0.4,0.57,4.6,0.08,6,20,0.99652,3.28,0.57,12.5,"medium"
"1192",6.5,0.885,0,2.3,0.166,6,12,0.99551,3.56,0.51,10.8,"low"
"1193",7.2,0.25,0.37,2.5,0.063,11,41,0.99439,3.52,0.8,12.4,"high"
"1194",6.4,0.885,0,2.3,0.166,6,12,0.99551,3.56,0.51,10.8,"low"
"1195",7,0.745,0.12,1.8,0.114,15,64,0.99588,3.22,0.59,9.5,"medium"
"1196",6.2,0.43,0.22,1.8,0.078,21,56,0.99633,3.52,0.6,9.5,"medium"
"1197",7.9,0.58,0.23,2.3,0.076,23,94,0.99686,3.21,0.58,9.5,"medium"
"1198",7.7,0.57,0.21,1.5,0.069,4,9,0.99458,3.16,0.54,9.8,"medium"
"1199",7.7,0.26,0.26,2,0.052,19,77,0.9951,3.15,0.79,10.9,"medium"
"1200",7.9,0.58,0.23,2.3,0.076,23,94,0.99686,3.21,0.58,9.5,"medium"
"1201",7.7,0.57,0.21,1.5,0.069,4,9,0.99458,3.16,0.54,9.8,"medium"
"1202",7.9,0.34,0.36,1.9,0.065,5,10,0.99419,3.27,0.54,11.2,"high"
"1203",8.6,0.42,0.39,1.8,0.068,6,12,0.99516,3.35,0.69,11.7,"high"
"1204",9.9,0.74,0.19,5.8,0.111,33,76,0.99878,3.14,0.55,9.4,"low"
"1205",7.2,0.36,0.46,2.1,0.074,24,44,0.99534,3.4,0.85,11,"high"
"1206",7.2,0.36,0.46,2.1,0.074,24,44,0.99534,3.4,0.85,11,"high"
"1207",7.2,0.36,0.46,2.1,0.074,24,44,0.99534,3.4,0.85,11,"high"
"1208",9.9,0.72,0.55,1.7,0.136,24,52,0.99752,3.35,0.94,10,"low"
"1209",7.2,0.36,0.46,2.1,0.074,24,44,0.99534,3.4,0.85,11,"high"
"1210",6.2,0.39,0.43,2,0.071,14,24,0.99428,3.45,0.87,11.2,"high"
"1211",6.8,0.65,0.02,2.1,0.078,8,15,0.99498,3.35,0.62,10.4,"medium"
"1212",6.6,0.44,0.15,2.1,0.076,22,53,0.9957,3.32,0.62,9.3,"low"
"1213",6.8,0.65,0.02,2.1,0.078,8,15,0.99498,3.35,0.62,10.4,"medium"
"1214",9.6,0.38,0.42,1.9,0.071,5,13,0.99659,3.15,0.75,10.5,"medium"
"1215",10.2,0.33,0.46,1.9,0.081,6,9,0.99628,3.1,0.48,10.4,"medium"
"1216",8.8,0.27,0.46,2.1,0.095,20,29,0.99488,3.26,0.56,11.3,"medium"
"1217",7.9,0.57,0.31,2,0.079,10,79,0.99677,3.29,0.69,9.5,"medium"
"1218",8.2,0.34,0.37,1.9,0.057,43,74,0.99408,3.23,0.81,12,"medium"
"1219",8.2,0.4,0.31,1.9,0.082,8,24,0.996,3.24,0.69,10.6,"medium"
"1220",9,0.39,0.4,1.3,0.044,25,50,0.99478,3.2,0.83,10.9,"medium"
"1221",10.9,0.32,0.52,1.8,0.132,17,44,0.99734,3.28,0.77,11.5,"medium"
"1222",10.9,0.32,0.52,1.8,0.132,17,44,0.99734,3.28,0.77,11.5,"medium"
"1223",8.1,0.53,0.22,2.2,0.078,33,89,0.99678,3.26,0.46,9.6,"medium"
"1224",10.5,0.36,0.47,2.2,0.074,9,23,0.99638,3.23,0.76,12,"medium"
"1225",12.6,0.39,0.49,2.5,0.08,8,20,0.9992,3.07,0.82,10.3,"medium"
"1226",9.2,0.46,0.23,2.6,0.091,18,77,0.99922,3.15,0.51,9.4,"low"
"1227",7.5,0.58,0.03,4.1,0.08,27,46,0.99592,3.02,0.47,9.2,"low"
"1228",9,0.58,0.25,2,0.104,8,21,0.99769,3.27,0.72,9.6,"low"
"1229",5.1,0.42,0,1.8,0.044,18,88,0.99157,3.68,0.73,13.6,"high"
"1230",7.6,0.43,0.29,2.1,0.075,19,66,0.99718,3.4,0.64,9.5,"low"
"1231",7.7,0.18,0.34,2.7,0.066,15,58,0.9947,3.37,0.78,11.8,"medium"
"1232",7.8,0.815,0.01,2.6,0.074,48,90,0.99621,3.38,0.62,10.8,"low"
"1233",7.6,0.43,0.29,2.1,0.075,19,66,0.99718,3.4,0.64,9.5,"low"
"1234",10.2,0.23,0.37,2.2,0.057,14,36,0.99614,3.23,0.49,9.3,"low"
"1235",7.1,0.75,0.01,2.2,0.059,11,18,0.99242,3.39,0.4,12.8,"medium"
"1236",6,0.33,0.32,12.9,0.054,6,113,0.99572,3.3,0.56,11.5,"low"
"1237",7.8,0.55,0,1.7,0.07,7,17,0.99659,3.26,0.64,9.4,"medium"
"1238",7.1,0.75,0.01,2.2,0.059,11,18,0.99242,3.39,0.4,12.8,"medium"
"1239",8.1,0.73,0,2.5,0.081,12,24,0.99798,3.38,0.46,9.6,"low"
"1240",6.5,0.67,0,4.3,0.057,11,20,0.99488,3.45,0.56,11.8,"low"
"1241",7.5,0.61,0.2,1.7,0.076,36,60,0.99494,3.1,0.4,9.3,"low"
"1242",9.8,0.37,0.39,2.5,0.079,28,65,0.99729,3.16,0.59,9.8,"low"
"1243",9,0.4,0.41,2,0.058,15,40,0.99414,3.22,0.6,12.2,"medium"
"1244",8.3,0.56,0.22,2.4,0.082,10,86,0.9983,3.37,0.62,9.5,"low"
"1245",5.9,0.29,0.25,13.4,0.067,72,160,0.99721,3.33,0.54,10.3,"medium"
"1246",7.4,0.55,0.19,1.8,0.082,15,34,0.99655,3.49,0.68,10.5,"low"
"1247",7.4,0.74,0.07,1.7,0.086,15,48,0.99502,3.12,0.48,10,"low"
"1248",7.4,0.55,0.19,1.8,0.082,15,34,0.99655,3.49,0.68,10.5,"low"
"1249",6.9,0.41,0.33,2.2,0.081,22,36,0.9949,3.41,0.75,11.1,"medium"
"1250",7.1,0.6,0.01,2.3,0.079,24,37,0.99514,3.4,0.61,10.9,"medium"
"1251",7.1,0.6,0.01,2.3,0.079,24,37,0.99514,3.4,0.61,10.9,"medium"
"1252",7.5,0.58,0.14,2.2,0.077,27,60,0.9963,3.28,0.59,9.8,"low"
"1253",7.1,0.72,0,1.8,0.123,6,14,0.99627,3.45,0.58,9.8,"low"
"1254",7.9,0.66,0,1.4,0.096,6,13,0.99569,3.43,0.58,9.5,"low"
"1255",7.8,0.7,0.06,1.9,0.079,20,35,0.99628,3.4,0.69,10.9,"low"
"1256",6.1,0.64,0.02,2.4,0.069,26,46,0.99358,3.47,0.45,11,"low"
"1257",7.5,0.59,0.22,1.8,0.082,43,60,0.99499,3.1,0.42,9.2,"low"
"1258",7,0.58,0.28,4.8,0.085,12,69,0.99633,3.32,0.7,11,"medium"
"1259",6.8,0.64,0,2.7,0.123,15,33,0.99538,3.44,0.63,11.3,"medium"
"1260",6.8,0.64,0,2.7,0.123,15,33,0.99538,3.44,0.63,11.3,"medium"
"1261",8.6,0.635,0.68,1.8,0.403,19,56,0.99632,3.02,1.15,9.3,"low"
"1262",6.3,1.02,0,2,0.083,17,24,0.99437,3.59,0.55,11.2,"low"
"1263",9.8,0.45,0.38,2.5,0.081,34,66,0.99726,3.15,0.58,9.8,"low"
"1264",8.2,0.78,0,2.2,0.089,13,26,0.9978,3.37,0.46,9.6,"low"
"1265",8.5,0.37,0.32,1.8,0.066,26,51,0.99456,3.38,0.72,11.8,"medium"
"1266",7.2,0.57,0.05,2.3,0.081,16,36,0.99564,3.38,0.6,10.3,"medium"
"1267",7.2,0.57,0.05,2.3,0.081,16,36,0.99564,3.38,0.6,10.3,"medium"
"1268",10.4,0.43,0.5,2.3,0.068,13,19,0.996,3.1,0.87,11.4,"medium"
"1269",6.9,0.41,0.31,2,0.079,21,51,0.99668,3.47,0.55,9.5,"medium"
"1270",5.5,0.49,0.03,1.8,0.044,28,87,0.9908,3.5,0.82,14,"high"
"1271",5,0.38,0.01,1.6,0.048,26,60,0.99084,3.7,0.75,14,"medium"
"1272",7.3,0.44,0.2,1.6,0.049,24,64,0.9935,3.38,0.57,11.7,"medium"
"1273",5.9,0.46,0,1.9,0.077,25,44,0.99385,3.5,0.53,11.2,"low"
"1274",7.5,0.58,0.2,2,0.073,34,44,0.99494,3.1,0.43,9.3,"low"
"1275",7.8,0.58,0.13,2.1,0.102,17,36,0.9944,3.24,0.53,11.2,"medium"
"1276",8,0.715,0.22,2.3,0.075,13,81,0.99688,3.24,0.54,9.5,"medium"
"1277",8.5,0.4,0.4,6.3,0.05,3,10,0.99566,3.28,0.56,12,"low"
"1278",7,0.69,0,1.9,0.114,3,10,0.99636,3.35,0.6,9.7,"medium"
"1279",8,0.715,0.22,2.3,0.075,13,81,0.99688,3.24,0.54,9.5,"medium"
"1280",9.8,0.3,0.39,1.7,0.062,3,9,0.9948,3.14,0.57,11.5,"high"
"1281",7.1,0.46,0.2,1.9,0.077,28,54,0.9956,3.37,0.64,10.4,"medium"
"1282",7.1,0.46,0.2,1.9,0.077,28,54,0.9956,3.37,0.64,10.4,"medium"
"1283",7.9,0.765,0,2,0.084,9,22,0.99619,3.33,0.68,10.9,"medium"
"1284",8.7,0.63,0.28,2.7,0.096,17,69,0.99734,3.26,0.63,10.2,"medium"
"1285",7,0.42,0.19,2.3,0.071,18,36,0.99476,3.39,0.56,10.9,"low"
"1286",11.3,0.37,0.5,1.8,0.09,20,47,0.99734,3.15,0.57,10.5,"low"
"1287",7.1,0.16,0.44,2.5,0.068,17,31,0.99328,3.35,0.54,12.4,"medium"
"1288",8,0.6,0.08,2.6,0.056,3,7,0.99286,3.22,0.37,13,"low"
"1289",7,0.6,0.3,4.5,0.068,20,110,0.99914,3.3,1.17,10.2,"low"
"1290",7,0.6,0.3,4.5,0.068,20,110,0.99914,3.3,1.17,10.2,"low"
"1291",7.6,0.74,0,1.9,0.1,6,12,0.99521,3.36,0.59,11,"low"
"1292",8.2,0.635,0.1,2.1,0.073,25,60,0.99638,3.29,0.75,10.9,"medium"
"1293",5.9,0.395,0.13,2.4,0.056,14,28,0.99362,3.62,0.67,12.4,"medium"
"1294",7.5,0.755,0,1.9,0.084,6,12,0.99672,3.34,0.49,9.7,"low"
"1295",8.2,0.635,0.1,2.1,0.073,25,60,0.99638,3.29,0.75,10.9,"medium"
"1296",6.6,0.63,0,4.3,0.093,51,77.5,0.99558,3.2,0.45,9.5,"low"
"1297",6.6,0.63,0,4.3,0.093,51,77.5,0.99558,3.2,0.45,9.5,"low"
"1298",7.2,0.53,0.14,2.1,0.064,15,29,0.99323,3.35,0.61,12.1,"medium"
"1299",5.7,0.6,0,1.4,0.063,11,18,0.99191,3.45,0.56,12.2,"medium"
"1300",7.6,1.58,0,2.1,0.137,5,9,0.99476,3.5,0.4,10.9,"low"
"1301",5.2,0.645,0,2.15,0.08,15,28,0.99444,3.78,0.61,12.5,"medium"
"1302",6.7,0.86,0.07,2,0.1,20,57,0.99598,3.6,0.74,11.7,"medium"
"1303",9.1,0.37,0.32,2.1,0.064,4,15,0.99576,3.3,0.8,11.2,"medium"
"1304",8,0.28,0.44,1.8,0.081,28,68,0.99501,3.36,0.66,11.2,"low"
"1305",7.6,0.79,0.21,2.3,0.087,21,68,0.9955,3.12,0.44,9.2,"low"
"1306",7.5,0.61,0.26,1.9,0.073,24,88,0.99612,3.3,0.53,9.8,"low"
"1307",9.7,0.69,0.32,2.5,0.088,22,91,0.9979,3.29,0.62,10.1,"low"
"1308",6.8,0.68,0.09,3.9,0.068,15,29,0.99524,3.41,0.52,11.1,"low"
"1309",9.7,0.69,0.32,2.5,0.088,22,91,0.9979,3.29,0.62,10.1,"low"
"1310",7,0.62,0.1,1.4,0.071,27,63,0.996,3.28,0.61,9.2,"low"
"1311",7.5,0.61,0.26,1.9,0.073,24,88,0.99612,3.3,0.53,9.8,"low"
"1312",6.5,0.51,0.15,3,0.064,12,27,0.9929,3.33,0.59,12.8,"medium"
"1313",8,1.18,0.21,1.9,0.083,14,41,0.99532,3.34,0.47,10.5,"low"
"1314",7,0.36,0.21,2.3,0.086,20,65,0.99558,3.4,0.54,10.1,"medium"
"1315",7,0.36,0.21,2.4,0.086,24,69,0.99556,3.4,0.53,10.1,"medium"
"1316",7.5,0.63,0.27,2,0.083,17,91,0.99616,3.26,0.58,9.8,"medium"
"1317",5.4,0.74,0,1.2,0.041,16,46,0.99258,4.01,0.59,12.5,"medium"
"1318",9.9,0.44,0.46,2.2,0.091,10,41,0.99638,3.18,0.69,11.9,"medium"
"1319",7.5,0.63,0.27,2,0.083,17,91,0.99616,3.26,0.58,9.8,"medium"
"1320",9.1,0.76,0.68,1.7,0.414,18,64,0.99652,2.9,1.33,9.1,"medium"
"1321",9.7,0.66,0.34,2.6,0.094,12,88,0.99796,3.26,0.66,10.1,"low"
"1322",5,0.74,0,1.2,0.041,16,46,0.99258,4.01,0.59,12.5,"medium"
"1323",9.1,0.34,0.42,1.8,0.058,9,18,0.99392,3.18,0.55,11.4,"low"
"1324",9.1,0.36,0.39,1.8,0.06,21,55,0.99495,3.18,0.82,11,"high"
"1325",6.7,0.46,0.24,1.7,0.077,18,34,0.9948,3.39,0.6,10.6,"medium"
"1326",6.7,0.46,0.24,1.7,0.077,18,34,0.9948,3.39,0.6,10.6,"medium"
"1327",6.7,0.46,0.24,1.7,0.077,18,34,0.9948,3.39,0.6,10.6,"medium"
"1328",6.7,0.46,0.24,1.7,0.077,18,34,0.9948,3.39,0.6,10.6,"medium"
"1329",6.5,0.52,0.11,1.8,0.073,13,38,0.9955,3.34,0.52,9.3,"low"
"1330",7.4,0.6,0.26,2.1,0.083,17,91,0.99616,3.29,0.56,9.8,"medium"
"1331",7.4,0.6,0.26,2.1,0.083,17,91,0.99616,3.29,0.56,9.8,"medium"
"1332",7.8,0.87,0.26,3.8,0.107,31,67,0.99668,3.26,0.46,9.2,"low"
"1333",8.4,0.39,0.1,1.7,0.075,6,25,0.99581,3.09,0.43,9.7,"medium"
"1334",9.1,0.775,0.22,2.2,0.079,12,48,0.9976,3.18,0.51,9.6,"low"
"1335",7.2,0.835,0,2,0.166,4,11,0.99608,3.39,0.52,10,"low"
"1336",6.6,0.58,0.02,2.4,0.069,19,40,0.99387,3.38,0.66,12.6,"medium"
"1337",6,0.5,0,1.4,0.057,15,26,0.99448,3.36,0.45,9.5,"low"
"1338",6,0.5,0,1.4,0.057,15,26,0.99448,3.36,0.45,9.5,"low"
"1339",6,0.5,0,1.4,0.057,15,26,0.99448,3.36,0.45,9.5,"low"
"1340",7.5,0.51,0.02,1.7,0.084,13,31,0.99538,3.36,0.54,10.5,"medium"
"1341",7.5,0.51,0.02,1.7,0.084,13,31,0.99538,3.36,0.54,10.5,"medium"
"1342",7.5,0.51,0.02,1.7,0.084,13,31,0.99538,3.36,0.54,10.5,"medium"
"1343",7.6,0.54,0.02,1.7,0.085,17,31,0.99589,3.37,0.51,10.4,"medium"
"1344",7.5,0.51,0.02,1.7,0.084,13,31,0.99538,3.36,0.54,10.5,"medium"
"1345",11.5,0.42,0.48,2.6,0.077,8,20,0.99852,3.09,0.53,11,"low"
"1346",8.2,0.44,0.24,2.3,0.063,10,28,0.99613,3.25,0.53,10.2,"medium"
"1347",6.1,0.59,0.01,2.1,0.056,5,13,0.99472,3.52,0.56,11.4,"low"
"1348",7.2,0.655,0.03,1.8,0.078,7,12,0.99587,3.34,0.39,9.5,"low"
"1349",7.2,0.655,0.03,1.8,0.078,7,12,0.99587,3.34,0.39,9.5,"low"
"1350",6.9,0.57,0,2.8,0.081,21,41,0.99518,3.41,0.52,10.8,"low"
"1351",9,0.6,0.29,2,0.069,32,73,0.99654,3.34,0.57,10,"low"
"1352",7.2,0.62,0.01,2.3,0.065,8,46,0.99332,3.32,0.51,11.8,"medium"
"1353",7.6,0.645,0.03,1.9,0.086,14,57,0.9969,3.37,0.46,10.3,"low"
"1354",7.6,0.645,0.03,1.9,0.086,14,57,0.9969,3.37,0.46,10.3,"low"
"1355",7.2,0.58,0.03,2.3,0.077,7,28,0.99568,3.35,0.52,10,"low"
"1356",6.1,0.32,0.25,1.8,0.086,5,32,0.99464,3.36,0.44,10.1,"low"
"1357",6.1,0.34,0.25,1.8,0.084,4,28,0.99464,3.36,0.44,10.1,"low"
"1358",7.3,0.43,0.24,2.5,0.078,27,67,0.99648,3.6,0.59,11.1,"medium"
"1359",7.4,0.64,0.17,5.4,0.168,52,98,0.99736,3.28,0.5,9.5,"low"
"1360",11.6,0.475,0.4,1.4,0.091,6,28,0.99704,3.07,0.65,10.0333333333333,"medium"
"1361",9.2,0.54,0.31,2.3,0.112,11,38,0.99699,3.24,0.56,10.9,"low"
"1362",8.3,0.85,0.14,2.5,0.093,13,54,0.99724,3.36,0.54,10.1,"low"
"1363",11.6,0.475,0.4,1.4,0.091,6,28,0.99704,3.07,0.65,10.0333333333333,"medium"
"1364",8,0.83,0.27,2,0.08,11,63,0.99652,3.29,0.48,9.8,"low"
"1365",7.2,0.605,0.02,1.9,0.096,10,31,0.995,3.46,0.53,11.8,"medium"
"1366",7.8,0.5,0.09,2.2,0.115,10,42,0.9971,3.18,0.62,9.5,"low"
"1367",7.3,0.74,0.08,1.7,0.094,10,45,0.99576,3.24,0.5,9.8,"low"
"1368",6.9,0.54,0.3,2.2,0.088,9,105,0.99725,3.25,1.18,10.5,"medium"
"1369",8,0.77,0.32,2.1,0.079,16,74,0.99656,3.27,0.5,9.8,"medium"
"1370",6.6,0.61,0,1.6,0.069,4,8,0.99396,3.33,0.37,10.4,"low"
"1371",8.7,0.78,0.51,1.7,0.415,12,66,0.99623,3,1.17,9.2,"low"
"1372",7.5,0.58,0.56,3.1,0.153,5,14,0.99476,3.21,1.03,11.6,"medium"
"1373",8.7,0.78,0.51,1.7,0.415,12,66,0.99623,3,1.17,9.2,"low"
"1374",7.7,0.75,0.27,3.8,0.11,34,89,0.99664,3.24,0.45,9.3,"low"
"1375",6.8,0.815,0,1.2,0.267,16,29,0.99471,3.32,0.51,9.8,"low"
"1376",7.2,0.56,0.26,2,0.083,13,100,0.99586,3.26,0.52,9.9,"low"
"1377",8.2,0.885,0.2,1.4,0.086,7,31,0.9946,3.11,0.46,10,"low"
"1378",5.2,0.49,0.26,2.3,0.09,23,74,0.9953,3.71,0.62,12.2,"medium"
"1379",7.2,0.45,0.15,2,0.078,10,28,0.99609,3.29,0.51,9.9,"medium"
"1380",7.5,0.57,0.02,2.6,0.077,11,35,0.99557,3.36,0.62,10.8,"medium"
"1381",7.5,0.57,0.02,2.6,0.077,11,35,0.99557,3.36,0.62,10.8,"medium"
"1382",6.8,0.83,0.09,1.8,0.074,4,25,0.99534,3.38,0.45,9.6,"low"
"1383",8,0.6,0.22,2.1,0.08,25,105,0.99613,3.3,0.49,9.9,"low"
"1384",8,0.6,0.22,2.1,0.08,25,105,0.99613,3.3,0.49,9.9,"low"
"1385",7.1,0.755,0.15,1.8,0.107,20,84,0.99593,3.19,0.5,9.5,"low"
"1386",8,0.81,0.25,3.4,0.076,34,85,0.99668,3.19,0.42,9.2,"low"
"1387",7.4,0.64,0.07,1.8,0.1,8,23,0.9961,3.3,0.58,9.6,"low"
"1388",7.4,0.64,0.07,1.8,0.1,8,23,0.9961,3.3,0.58,9.6,"low"
"1389",6.6,0.64,0.31,6.1,0.083,7,49,0.99718,3.35,0.68,10.3,"low"
"1390",6.7,0.48,0.02,2.2,0.08,36,111,0.99524,3.1,0.53,9.7,"low"
"1391",6,0.49,0,2.3,0.068,15,33,0.99292,3.58,0.59,12.5,"medium"
"1392",8,0.64,0.22,2.4,0.094,5,33,0.99612,3.37,0.58,11,"low"
"1393",7.1,0.62,0.06,1.3,0.07,5,12,0.9942,3.17,0.48,9.8,"low"
"1394",8,0.52,0.25,2,0.078,19,59,0.99612,3.3,0.48,10.2,"low"
"1395",6.4,0.57,0.14,3.9,0.07,27,73,0.99669,3.32,0.48,9.2,"low"
"1396",8.6,0.685,0.1,1.6,0.092,3,12,0.99745,3.31,0.65,9.55,"medium"
"1397",8.7,0.675,0.1,1.6,0.09,4,11,0.99745,3.31,0.65,9.55,"low"
"1398",7.3,0.59,0.26,2,0.08,17,104,0.99584,3.28,0.52,9.9,"low"
"1399",7,0.6,0.12,2.2,0.083,13,28,0.9966,3.52,0.62,10.2,"high"
"1400",7.2,0.67,0,2.2,0.068,10,24,0.9956,3.42,0.72,11.1,"medium"
"1401",7.9,0.69,0.21,2.1,0.08,33,141,0.9962,3.25,0.51,9.9,"low"
"1402",7.9,0.69,0.21,2.1,0.08,33,141,0.9962,3.25,0.51,9.9,"low"
"1403",7.6,0.3,0.42,2,0.052,6,24,0.9963,3.44,0.82,11.9,"medium"
"1404",7.2,0.33,0.33,1.7,0.061,3,13,0.996,3.23,1.1,10,"high"
"1405",8,0.5,0.39,2.6,0.082,12,46,0.9985,3.43,0.62,10.7,"medium"
"1406",7.7,0.28,0.3,2,0.062,18,34,0.9952,3.28,0.9,11.3,"high"
"1407",8.2,0.24,0.34,5.1,0.062,8,22,0.9974,3.22,0.94,10.9,"medium"
"1408",6,0.51,0,2.1,0.064,40,54,0.995,3.54,0.93,10.7,"medium"
"1409",8.1,0.29,0.36,2.2,0.048,35,53,0.995,3.27,1.01,12.4,"high"
"1410",6,0.51,0,2.1,0.064,40,54,0.995,3.54,0.93,10.7,"medium"
"1411",6.6,0.96,0,1.8,0.082,5,16,0.9936,3.5,0.44,11.9,"medium"
"1412",6.4,0.47,0.4,2.4,0.071,8,19,0.9963,3.56,0.73,10.6,"medium"
"1413",8.2,0.24,0.34,5.1,0.062,8,22,0.9974,3.22,0.94,10.9,"medium"
"1414",9.9,0.57,0.25,2,0.104,12,89,0.9963,3.04,0.9,10.1,"low"
"1415",10,0.32,0.59,2.2,0.077,3,15,0.9994,3.2,0.78,9.6,"low"
"1416",6.2,0.58,0,1.6,0.065,8,18,0.9966,3.56,0.84,9.4,"low"
"1417",10,0.32,0.59,2.2,0.077,3,15,0.9994,3.2,0.78,9.6,"low"
"1418",7.3,0.34,0.33,2.5,0.064,21,37,0.9952,3.35,0.77,12.1,"high"
"1419",7.8,0.53,0.01,1.6,0.077,3,19,0.995,3.16,0.46,9.8,"low"
"1420",7.7,0.64,0.21,2.2,0.077,32,133,0.9956,3.27,0.45,9.9,"low"
"1421",7.8,0.53,0.01,1.6,0.077,3,19,0.995,3.16,0.46,9.8,"low"
"1422",7.5,0.4,0.18,1.6,0.079,24,58,0.9965,3.34,0.58,9.4,"low"
"1423",7,0.54,0,2.1,0.079,39,55,0.9956,3.39,0.84,11.4,"medium"
"1424",6.4,0.53,0.09,3.9,0.123,14,31,0.9968,3.5,0.67,11,"low"
"1425",8.3,0.26,0.37,1.4,0.076,8,23,0.9974,3.26,0.7,9.6,"medium"
"1426",8.3,0.26,0.37,1.4,0.076,8,23,0.9974,3.26,0.7,9.6,"medium"
"1427",7.7,0.23,0.37,1.8,0.046,23,60,0.9971,3.41,0.71,12.1,"medium"
"1428",7.6,0.41,0.33,2.5,0.078,6,23,0.9957,3.3,0.58,11.2,"low"
"1429",7.8,0.64,0,1.9,0.072,27,55,0.9962,3.31,0.63,11,"low"
"1430",7.9,0.18,0.4,2.2,0.049,38,67,0.996,3.33,0.93,11.3,"low"
"1431",7.4,0.41,0.24,1.8,0.066,18,47,0.9956,3.37,0.62,10.4,"low"
"1432",7.6,0.43,0.31,2.1,0.069,13,74,0.9958,3.26,0.54,9.9,"medium"
"1433",5.9,0.44,0,1.6,0.042,3,11,0.9944,3.48,0.85,11.7,"medium"
"1434",6.1,0.4,0.16,1.8,0.069,11,25,0.9955,3.42,0.74,10.1,"high"
"1435",10.2,0.54,0.37,15.4,0.214,55,95,1.00369,3.18,0.77,9,"medium"
"1436",10.2,0.54,0.37,15.4,0.214,55,95,1.00369,3.18,0.77,9,"medium"
"1437",10,0.38,0.38,1.6,0.169,27,90,0.99914,3.15,0.65,8.5,"low"
"1438",6.8,0.915,0.29,4.8,0.07,15,39,0.99577,3.53,0.54,11.1,"low"
"1439",7,0.59,0,1.7,0.052,3,8,0.996,3.41,0.47,10.3,"low"
"1440",7.3,0.67,0.02,2.2,0.072,31,92,0.99566,3.32,0.68,11.0666666666667,"medium"
"1441",7.2,0.37,0.32,2,0.062,15,28,0.9947,3.23,0.73,11.3,"high"
"1442",7.4,0.785,0.19,5.2,0.094,19,98,0.99713,3.16,0.52,9.56666666666667,"medium"
"1443",6.9,0.63,0.02,1.9,0.078,18,30,0.99712,3.4,0.75,9.8,"low"
"1444",6.9,0.58,0.2,1.75,0.058,8,22,0.99322,3.38,0.49,11.7,"low"
"1445",7.3,0.67,0.02,2.2,0.072,31,92,0.99566,3.32,0.68,11.1,"medium"
"1446",7.4,0.785,0.19,5.2,0.094,19,98,0.99713,3.16,0.52,9.6,"medium"
"1447",6.9,0.63,0.02,1.9,0.078,18,30,0.99712,3.4,0.75,9.8,"low"
"1448",6.8,0.67,0,1.9,0.08,22,39,0.99701,3.4,0.74,9.7,"low"
"1449",6.9,0.58,0.01,1.9,0.08,40,54,0.99683,3.4,0.73,9.7,"low"
"1450",7.2,0.38,0.31,2,0.056,15,29,0.99472,3.23,0.76,11.3,"high"
"1451",7.2,0.37,0.32,2,0.062,15,28,0.9947,3.23,0.73,11.3,"high"
"1452",7.8,0.32,0.44,2.7,0.104,8,17,0.99732,3.33,0.78,11,"high"
"1453",6.6,0.58,0.02,2,0.062,37,53,0.99374,3.35,0.76,11.6,"high"
"1454",7.6,0.49,0.33,1.9,0.074,27,85,0.99706,3.41,0.58,9,"low"
"1455",11.7,0.45,0.63,2.2,0.073,7,23,0.99974,3.21,0.69,10.9,"medium"
"1456",6.5,0.9,0,1.6,0.052,9,17,0.99467,3.5,0.63,10.9,"medium"
"1457",6,0.54,0.06,1.8,0.05,38,89,0.99236,3.3,0.5,10.55,"medium"
"1458",7.6,0.49,0.33,1.9,0.074,27,85,0.99706,3.41,0.58,9,"low"
"1459",8.4,0.29,0.4,1.7,0.067,8,20,0.99603,3.39,0.6,10.5,"low"
"1460",7.9,0.2,0.35,1.7,0.054,7,15,0.99458,3.32,0.8,11.9,"high"
"1461",6.4,0.42,0.09,2.3,0.054,34,64,0.99724,3.41,0.68,10.4,"medium"
"1462",6.2,0.785,0,2.1,0.06,6,13,0.99664,3.59,0.61,10,"low"
"1463",6.8,0.64,0.03,2.3,0.075,14,31,0.99545,3.36,0.58,10.4,"medium"
"1464",6.9,0.63,0.01,2.4,0.076,14,39,0.99522,3.34,0.53,10.8,"medium"
"1465",6.8,0.59,0.1,1.7,0.063,34,53,0.9958,3.41,0.67,9.7,"low"
"1466",6.8,0.59,0.1,1.7,0.063,34,53,0.9958,3.41,0.67,9.7,"low"
"1467",7.3,0.48,0.32,2.1,0.062,31,54,0.99728,3.3,0.65,10,"high"
"1468",6.7,1.04,0.08,2.3,0.067,19,32,0.99648,3.52,0.57,11,"low"
"1469",7.3,0.48,0.32,2.1,0.062,31,54,0.99728,3.3,0.65,10,"high"
"1470",7.3,0.98,0.05,2.1,0.061,20,49,0.99705,3.31,0.55,9.7,"low"
"1471",10,0.69,0.11,1.4,0.084,8,24,0.99578,2.88,0.47,9.7,"low"
"1472",6.7,0.7,0.08,3.75,0.067,8,16,0.99334,3.43,0.52,12.6,"low"
"1473",7.6,0.35,0.6,2.6,0.073,23,44,0.99656,3.38,0.79,11.1,"medium"
"1474",6.1,0.6,0.08,1.8,0.071,14,45,0.99336,3.38,0.54,11,"low"
"1475",9.9,0.5,0.5,13.8,0.205,48,82,1.00242,3.16,0.75,8.8,"low"
"1476",5.3,0.47,0.11,2.2,0.048,16,89,0.99182,3.54,0.88,13.5666666666667,"high"
"1477",9.9,0.5,0.5,13.8,0.205,48,82,1.00242,3.16,0.75,8.8,"low"
"1478",5.3,0.47,0.11,2.2,0.048,16,89,0.99182,3.54,0.88,13.6,"high"
"1479",7.1,0.875,0.05,5.7,0.082,3,14,0.99808,3.4,0.52,10.2,"low"
"1480",8.2,0.28,0.6,3,0.104,10,22,0.99828,3.39,0.68,10.6,"low"
"1481",5.6,0.62,0.03,1.5,0.08,6,13,0.99498,3.66,0.62,10.1,"low"
"1482",8.2,0.28,0.6,3,0.104,10,22,0.99828,3.39,0.68,10.6,"low"
"1483",7.2,0.58,0.54,2.1,0.114,3,9,0.99719,3.33,0.57,10.3,"low"
"1484",8.1,0.33,0.44,1.5,0.042,6,12,0.99542,3.35,0.61,10.7,"low"
"1485",6.8,0.91,0.06,2,0.06,4,11,0.99592,3.53,0.64,10.9,"low"
"1486",7,0.655,0.16,2.1,0.074,8,25,0.99606,3.37,0.55,9.7,"low"
"1487",6.8,0.68,0.21,2.1,0.07,9,23,0.99546,3.38,0.6,10.3,"low"
"1488",6,0.64,0.05,1.9,0.066,9,17,0.99496,3.52,0.78,10.6,"low"
"1489",5.6,0.54,0.04,1.7,0.049,5,13,0.9942,3.72,0.58,11.4,"low"
"1490",6.2,0.57,0.1,2.1,0.048,4,11,0.99448,3.44,0.76,10.8,"medium"
"1491",7.1,0.22,0.49,1.8,0.039,8,18,0.99344,3.39,0.56,12.4,"medium"
"1492",5.6,0.54,0.04,1.7,0.049,5,13,0.9942,3.72,0.58,11.4,"low"
"1493",6.2,0.65,0.06,1.6,0.05,6,18,0.99348,3.57,0.54,11.95,"low"
"1494",7.7,0.54,0.26,1.9,0.089,23,147,0.99636,3.26,0.59,9.7,"low"
"1495",6.4,0.31,0.09,1.4,0.066,15,28,0.99459,3.42,0.7,10,"high"
"1496",7,0.43,0.02,1.9,0.08,15,28,0.99492,3.35,0.81,10.6,"medium"
"1497",7.7,0.54,0.26,1.9,0.089,23,147,0.99636,3.26,0.59,9.7,"low"
"1498",6.9,0.74,0.03,2.3,0.054,7,16,0.99508,3.45,0.63,11.5,"medium"
"1499",6.6,0.895,0.04,2.3,0.068,7,13,0.99582,3.53,0.58,10.8,"medium"
"1500",6.9,0.74,0.03,2.3,0.054,7,16,0.99508,3.45,0.63,11.5,"medium"
"1501",7.5,0.725,0.04,1.5,0.076,8,15,0.99508,3.26,0.53,9.6,"low"
"1502",7.8,0.82,0.29,4.3,0.083,21,64,0.99642,3.16,0.53,9.4,"low"
"1503",7.3,0.585,0.18,2.4,0.078,15,60,0.99638,3.31,0.54,9.8,"low"
"1504",6.2,0.44,0.39,2.5,0.077,6,14,0.99555,3.51,0.69,11,"medium"
"1505",7.5,0.38,0.57,2.3,0.106,5,12,0.99605,3.36,0.55,11.4,"medium"
"1506",6.7,0.76,0.02,1.8,0.078,6,12,0.996,3.55,0.63,9.95,"low"
"1507",6.8,0.81,0.05,2,0.07,6,14,0.99562,3.51,0.66,10.8,"medium"
"1508",7.5,0.38,0.57,2.3,0.106,5,12,0.99605,3.36,0.55,11.4,"medium"
"1509",7.1,0.27,0.6,2.1,0.074,17,25,0.99814,3.38,0.72,10.6,"medium"
"1510",7.9,0.18,0.4,1.8,0.062,7,20,0.9941,3.28,0.7,11.1,"low"
"1511",6.4,0.36,0.21,2.2,0.047,26,48,0.99661,3.47,0.77,9.7,"medium"
"1512",7.1,0.69,0.04,2.1,0.068,19,27,0.99712,3.44,0.67,9.8,"low"
"1513",6.4,0.79,0.04,2.2,0.061,11,17,0.99588,3.53,0.65,10.4,"medium"
"1514",6.4,0.56,0.15,1.8,0.078,17,65,0.99294,3.33,0.6,10.5,"medium"
"1515",6.9,0.84,0.21,4.1,0.074,16,65,0.99842,3.53,0.72,9.23333333333333,"medium"
"1516",6.9,0.84,0.21,4.1,0.074,16,65,0.99842,3.53,0.72,9.25,"medium"
"1517",6.1,0.32,0.25,2.3,0.071,23,58,0.99633,3.42,0.97,10.6,"low"
"1518",6.5,0.53,0.06,2,0.063,29,44,0.99489,3.38,0.83,10.3,"medium"
"1519",7.4,0.47,0.46,2.2,0.114,7,20,0.99647,3.32,0.63,10.5,"low"
"1520",6.6,0.7,0.08,2.6,0.106,14,27,0.99665,3.44,0.58,10.2,"low"
"1521",6.5,0.53,0.06,2,0.063,29,44,0.99489,3.38,0.83,10.3,"medium"
"1522",6.9,0.48,0.2,1.9,0.082,9,23,0.99585,3.39,0.43,9.05,"low"
"1523",6.1,0.32,0.25,2.3,0.071,23,58,0.99633,3.42,0.97,10.6,"low"
"1524",6.8,0.48,0.25,2,0.076,29,61,0.9953,3.34,0.6,10.4,"low"
"1525",6,0.42,0.19,2,0.075,22,47,0.99522,3.39,0.78,10,"medium"
"1526",6.7,0.48,0.08,2.1,0.064,18,34,0.99552,3.33,0.64,9.7,"low"
"1527",6.8,0.47,0.08,2.2,0.064,18,38,0.99553,3.3,0.65,9.6,"medium"
"1528",7.1,0.53,0.07,1.7,0.071,15,24,0.9951,3.29,0.66,10.8,"medium"
"1529",7.9,0.29,0.49,2.2,0.096,21,59,0.99714,3.31,0.67,10.1,"medium"
"1530",7.1,0.69,0.08,2.1,0.063,42,52,0.99608,3.42,0.6,10.2,"medium"
"1531",6.6,0.44,0.09,2.2,0.063,9,18,0.99444,3.42,0.69,11.3,"medium"
"1532",6.1,0.705,0.1,2.8,0.081,13,28,0.99631,3.6,0.66,10.2,"low"
"1533",7.2,0.53,0.13,2,0.058,18,22,0.99573,3.21,0.68,9.9,"medium"
"1534",8,0.39,0.3,1.9,0.074,32,84,0.99717,3.39,0.61,9,"low"
"1535",6.6,0.56,0.14,2.4,0.064,13,29,0.99397,3.42,0.62,11.7,"high"
"1536",7,0.55,0.13,2.2,0.075,15,35,0.9959,3.36,0.59,9.7,"medium"
"1537",6.1,0.53,0.08,1.9,0.077,24,45,0.99528,3.6,0.68,10.3,"medium"
"1538",5.4,0.58,0.08,1.9,0.059,20,31,0.99484,3.5,0.64,10.2,"medium"
"1539",6.2,0.64,0.09,2.5,0.081,15,26,0.99538,3.57,0.63,12,"low"
"1540",7.2,0.39,0.32,1.8,0.065,34,60,0.99714,3.46,0.78,9.9,"low"
"1541",6.2,0.52,0.08,4.4,0.071,11,32,0.99646,3.56,0.63,11.6,"medium"
"1542",7.4,0.25,0.29,2.2,0.054,19,49,0.99666,3.4,0.76,10.9,"high"
"1543",6.7,0.855,0.02,1.9,0.064,29,38,0.99472,3.3,0.56,10.75,"medium"
"1544",11.1,0.44,0.42,2.2,0.064,14,19,0.99758,3.25,0.57,10.4,"medium"
"1545",8.4,0.37,0.43,2.3,0.063,12,19,0.9955,3.17,0.81,11.2,"high"
"1546",6.5,0.63,0.33,1.8,0.059,16,28,0.99531,3.36,0.64,10.1,"medium"
"1547",7,0.57,0.02,2,0.072,17,26,0.99575,3.36,0.61,10.2,"low"
"1548",6.3,0.6,0.1,1.6,0.048,12,26,0.99306,3.55,0.51,12.1,"low"
"1549",11.2,0.4,0.5,2,0.099,19,50,0.99783,3.1,0.58,10.4,"low"
"1550",7.4,0.36,0.3,1.8,0.074,17,24,0.99419,3.24,0.7,11.4,"high"
"1551",7.1,0.68,0,2.3,0.087,17,26,0.99783,3.45,0.53,9.5,"low"
"1552",7.1,0.67,0,2.3,0.083,18,27,0.99768,3.44,0.54,9.4,"low"
"1553",6.3,0.68,0.01,3.7,0.103,32,54,0.99586,3.51,0.66,11.3,"medium"
"1554",7.3,0.735,0,2.2,0.08,18,28,0.99765,3.41,0.6,9.4,"low"
"1555",6.6,0.855,0.02,2.4,0.062,15,23,0.99627,3.54,0.6,11,"medium"
"1556",7,0.56,0.17,1.7,0.065,15,24,0.99514,3.44,0.68,10.55,"high"
"1557",6.6,0.88,0.04,2.2,0.066,12,20,0.99636,3.53,0.56,9.9,"low"
"1558",6.6,0.855,0.02,2.4,0.062,15,23,0.99627,3.54,0.6,11,"medium"
"1559",6.9,0.63,0.33,6.7,0.235,66,115,0.99787,3.22,0.56,9.5,"low"
"1560",7.8,0.6,0.26,2,0.08,31,131,0.99622,3.21,0.52,9.9,"low"
"1561",7.8,0.6,0.26,2,0.08,31,131,0.99622,3.21,0.52,9.9,"low"
"1562",7.8,0.6,0.26,2,0.08,31,131,0.99622,3.21,0.52,9.9,"low"
"1563",7.2,0.695,0.13,2,0.076,12,20,0.99546,3.29,0.54,10.1,"low"
"1564",7.2,0.695,0.13,2,0.076,12,20,0.99546,3.29,0.54,10.1,"low"
"1565",7.2,0.695,0.13,2,0.076,12,20,0.99546,3.29,0.54,10.1,"low"
"1566",6.7,0.67,0.02,1.9,0.061,26,42,0.99489,3.39,0.82,10.9,"medium"
"1567",6.7,0.16,0.64,2.1,0.059,24,52,0.99494,3.34,0.71,11.2,"medium"
"1568",7.2,0.695,0.13,2,0.076,12,20,0.99546,3.29,0.54,10.1,"low"
"1569",7,0.56,0.13,1.6,0.077,25,42,0.99629,3.34,0.59,9.2,"low"
"1570",6.2,0.51,0.14,1.9,0.056,15,34,0.99396,3.48,0.57,11.5,"medium"
"1571",6.4,0.36,0.53,2.2,0.23,19,35,0.9934,3.37,0.93,12.4,"medium"
"1572",6.4,0.38,0.14,2.2,0.038,15,25,0.99514,3.44,0.65,11.1,"medium"
"1573",7.3,0.69,0.32,2.2,0.069,35,104,0.99632,3.33,0.51,9.5,"low"
"1574",6,0.58,0.2,2.4,0.075,15,50,0.99467,3.58,0.67,12.5,"medium"
"1575",5.6,0.31,0.78,13.9,0.074,23,92,0.99677,3.39,0.48,10.5,"medium"
"1576",7.5,0.52,0.4,2.2,0.06,12,20,0.99474,3.26,0.64,11.8,"medium"
"1577",8,0.3,0.63,1.6,0.081,16,29,0.99588,3.3,0.78,10.8,"medium"
"1578",6.2,0.7,0.15,5.1,0.076,13,27,0.99622,3.54,0.6,11.9,"medium"
"1579",6.8,0.67,0.15,1.8,0.118,13,20,0.9954,3.42,0.67,11.3,"medium"
"1580",6.2,0.56,0.09,1.7,0.053,24,32,0.99402,3.54,0.6,11.3,"low"
"1581",7.4,0.35,0.33,2.4,0.068,9,26,0.9947,3.36,0.6,11.9,"medium"
"1582",6.2,0.56,0.09,1.7,0.053,24,32,0.99402,3.54,0.6,11.3,"low"
"1583",6.1,0.715,0.1,2.6,0.053,13,27,0.99362,3.57,0.5,11.9,"low"
"1584",6.2,0.46,0.29,2.1,0.074,32,98,0.99578,3.33,0.62,9.8,"low"
"1585",6.7,0.32,0.44,2.4,0.061,24,34,0.99484,3.29,0.8,11.6,"high"
"1586",7.2,0.39,0.44,2.6,0.066,22,48,0.99494,3.3,0.84,11.5,"medium"
"1587",7.5,0.31,0.41,2.4,0.065,34,60,0.99492,3.34,0.85,11.4,"medium"
"1588",5.8,0.61,0.11,1.8,0.066,18,28,0.99483,3.55,0.66,10.9,"medium"
"1589",7.2,0.66,0.33,2.5,0.068,34,102,0.99414,3.27,0.78,12.8,"medium"
"1590",6.6,0.725,0.2,7.8,0.073,29,79,0.9977,3.29,0.54,9.2,"low"
"1591",6.3,0.55,0.15,1.8,0.077,26,35,0.99314,3.32,0.82,11.6,"medium"
"1592",5.4,0.74,0.09,1.7,0.089,16,26,0.99402,3.67,0.56,11.6,"medium"
"1593",6.3,0.51,0.13,2.3,0.076,29,40,0.99574,3.42,0.75,11,"medium"
"1594",6.8,0.62,0.08,1.9,0.068,28,38,0.99651,3.42,0.82,9.5,"medium"
"1595",6.2,0.6,0.08,2,0.09,32,44,0.9949,3.45,0.58,10.5,"low"
"1596",5.9,0.55,0.1,2.2,0.062,39,51,0.99512,3.52,0.76,11.2,"medium"
"1597",6.3,0.51,0.13,2.3,0.076,29,40,0.99574,3.42,0.75,11,"medium"
"1598",5.9,0.645,0.12,2,0.075,32,44,0.99547,3.57,0.71,10.2,"low"
"1599",6,0.31,0.47,3.6,0.067,18,42,0.99549,3.39,0.66,11,"medium"
